action,cliente_id,empresa_cliente_endereco_id,empresa_cliente_id,error,reason,row
created_cliente,3582,,,,,1
created_empresa_cliente,,,3587,,,1
inserted_endereco,,3587,3587,,,1
created_cliente,3583,,,,,2
created_empresa_cliente,,,3588,,,2
inserted_endereco,,3588,3588,,,2
created_cliente,3584,,,,,3
created_empresa_cliente,,,3589,,,3
inserted_endereco,,3589,3589,,,3
created_cliente,3585,,,,,4
created_empresa_cliente,,,3590,,,4
inserted_endereco,,3590,3590,,,4
created_cliente,3586,,,,,5
created_empresa_cliente,,,3591,,,5
inserted_endereco,,3591,3591,,,5
created_cliente,3587,,,,,6
created_empresa_cliente,,,3592,,,6
inserted_endereco,,3592,3592,,,6
created_cliente,3588,,,,,7
created_empresa_cliente,,,3593,,,7
inserted_endereco,,3593,3593,,,7
created_cliente,3589,,,,,8
created_empresa_cliente,,,3594,,,8
inserted_endereco,,3594,3594,,,8
created_cliente,3590,,,,,9
created_empresa_cliente,,,3595,,,9
,,,,"(1406, ""Data too long for column 'complemento' at row 1"")",insert_endereco_error,9
created_cliente,3591,,,,,10
created_empresa_cliente,,,3596,,,10
inserted_endereco,,3595,3596,,,10
created_cliente,3592,,,,,11
created_empresa_cliente,,,3597,,,11
inserted_endereco,,3596,3597,,,11
created_cliente,3593,,,,,12
created_empresa_cliente,,,3598,,,12
inserted_endereco,,3597,3598,,,12
created_cliente,3594,,,,,13
created_empresa_cliente,,,3599,,,13
inserted_endereco,,3598,3599,,,13
created_cliente,3595,,,,,14
created_empresa_cliente,,,3600,,,14
inserted_endereco,,3599,3600,,,14
created_cliente,3596,,,,,15
created_empresa_cliente,,,3601,,,15
inserted_endereco,,3600,3601,,,15
created_cliente,3597,,,,,16
created_empresa_cliente,,,3602,,,16
inserted_endereco,,3601,3602,,,16
created_cliente,3598,,,,,17
created_empresa_cliente,,,3603,,,17
inserted_endereco,,3602,3603,,,17
created_cliente,3599,,,,,18
created_empresa_cliente,,,3604,,,18
inserted_endereco,,3603,3604,,,18
created_cliente,3600,,,,,19
created_empresa_cliente,,,3605,,,19
inserted_endereco,,3604,3605,,,19
created_cliente,3601,,,,,20
created_empresa_cliente,,,3606,,,20
inserted_endereco,,3605,3606,,,20
created_cliente,3602,,,,,21
created_empresa_cliente,,,3607,,,21
inserted_endereco,,3606,3607,,,21
created_cliente,3603,,,,,22
created_empresa_cliente,,,3608,,,22
inserted_endereco,,3607,3608,,,22
created_cliente,3604,,,,,23
created_empresa_cliente,,,3609,,,23
inserted_endereco,,3608,3609,,,23
created_cliente,3605,,,,,24
created_empresa_cliente,,,3610,,,24
inserted_endereco,,3609,3610,,,24
created_cliente,3606,,,,,25
created_empresa_cliente,,,3611,,,25
inserted_endereco,,3610,3611,,,25
created_cliente,3607,,,,,26
created_empresa_cliente,,,3612,,,26
inserted_endereco,,3611,3612,,,26
created_cliente,3608,,,,,27
created_empresa_cliente,,,3613,,,27
inserted_endereco,,3612,3613,,,27
created_cliente,3609,,,,,28
created_empresa_cliente,,,3614,,,28
inserted_endereco,,3613,3614,,,28
created_cliente,3610,,,,,29
created_empresa_cliente,,,3615,,,29
inserted_endereco,,3614,3615,,,29
created_cliente,3611,,,,,30
created_empresa_cliente,,,3616,,,30
inserted_endereco,,3615,3616,,,30
created_cliente,3612,,,,,31
created_empresa_cliente,,,3617,,,31
inserted_endereco,,3616,3617,,,31
created_cliente,3613,,,,,32
created_empresa_cliente,,,3618,,,32
inserted_endereco,,3617,3618,,,32
created_cliente,3614,,,,,33
created_empresa_cliente,,,3619,,,33
inserted_endereco,,3618,3619,,,33
created_cliente,3615,,,,,34
created_empresa_cliente,,,3620,,,34
inserted_endereco,,3619,3620,,,34
created_cliente,3616,,,,,35
created_empresa_cliente,,,3621,,,35
inserted_endereco,,3620,3621,,,35
inserted_endereco,,3621,3621,,,36
created_cliente,3617,,,,,37
created_empresa_cliente,,,3622,,,37
inserted_endereco,,3622,3622,,,37
inserted_endereco,,3623,3622,,,38
created_cliente,3618,,,,,39
created_empresa_cliente,,,3623,,,39
inserted_endereco,,3624,3623,,,39
created_cliente,3619,,,,,40
created_empresa_cliente,,,3624,,,40
inserted_endereco,,3625,3624,,,40
created_cliente,3620,,,,,41
created_empresa_cliente,,,3625,,,41
inserted_endereco,,3626,3625,,,41
inserted_endereco,,3627,3625,,,42
created_cliente,3621,,,,,43
created_empresa_cliente,,,3626,,,43
inserted_endereco,,3628,3626,,,43
inserted_endereco,,3629,3626,,,44
created_cliente,3622,,,,,45
created_empresa_cliente,,,3627,,,45
inserted_endereco,,3630,3627,,,45
created_cliente,3623,,,,,46
created_empresa_cliente,,,3628,,,46
inserted_endereco,,3631,3628,,,46
created_cliente,3624,,,,,47
created_empresa_cliente,,,3629,,,47
inserted_endereco,,3632,3629,,,47
inserted_endereco,,3633,3603,,,48
created_cliente,3625,,,,,49
created_empresa_cliente,,,3630,,,49
inserted_endereco,,3634,3630,,,49
created_cliente,3626,,,,,50
created_empresa_cliente,,,3631,,,50
inserted_endereco,,3635,3631,,,50
created_cliente,3627,,,,,51
created_empresa_cliente,,,3632,,,51
inserted_endereco,,3636,3632,,,51
created_cliente,3628,,,,,52
created_empresa_cliente,,,3633,,,52
inserted_endereco,,3637,3633,,,52
created_cliente,3629,,,,,53
created_empresa_cliente,,,3634,,,53
inserted_endereco,,3638,3634,,,53
created_cliente,3630,,,,,54
created_empresa_cliente,,,3635,,,54
inserted_endereco,,3639,3635,,,54
created_cliente,3631,,,,,55
created_empresa_cliente,,,3636,,,55
inserted_endereco,,3640,3636,,,55
inserted_endereco,,3641,3636,,,56
created_cliente,3632,,,,,57
created_empresa_cliente,,,3637,,,57
inserted_endereco,,3642,3637,,,57
created_cliente,3633,,,,,58
created_empresa_cliente,,,3638,,,58
inserted_endereco,,3643,3638,,,58
created_cliente,3634,,,,,59
created_empresa_cliente,,,3639,,,59
inserted_endereco,,3644,3639,,,59
created_cliente,3635,,,,,60
created_empresa_cliente,,,3640,,,60
inserted_endereco,,3645,3640,,,60
created_cliente,3636,,,,,61
created_empresa_cliente,,,3641,,,61
inserted_endereco,,3646,3641,,,61
created_cliente,3637,,,,,62
created_empresa_cliente,,,3642,,,62
inserted_endereco,,3647,3642,,,62
created_cliente,3638,,,,,63
created_empresa_cliente,,,3643,,,63
inserted_endereco,,3648,3643,,,63
created_cliente,3639,,,,,64
created_empresa_cliente,,,3644,,,64
inserted_endereco,,3649,3644,,,64
created_cliente,3640,,,,,65
created_empresa_cliente,,,3645,,,65
inserted_endereco,,3650,3645,,,65
created_cliente,3641,,,,,66
created_empresa_cliente,,,3646,,,66
inserted_endereco,,3651,3646,,,66
created_cliente,3642,,,,,67
created_empresa_cliente,,,3647,,,67
inserted_endereco,,3652,3647,,,67
inserted_endereco,,3653,3647,,,68
created_cliente,3643,,,,,69
created_empresa_cliente,,,3648,,,69
inserted_endereco,,3654,3648,,,69
inserted_endereco,,3655,3648,,,70
created_cliente,3644,,,,,71
created_empresa_cliente,,,3649,,,71
inserted_endereco,,3656,3649,,,71
created_cliente,3645,,,,,72
created_empresa_cliente,,,3650,,,72
inserted_endereco,,3657,3650,,,72
created_cliente,3646,,,,,73
created_empresa_cliente,,,3651,,,73
inserted_endereco,,3658,3651,,,73
created_cliente,3647,,,,,74
created_empresa_cliente,,,3652,,,74
inserted_endereco,,3659,3652,,,74
created_cliente,3648,,,,,75
created_empresa_cliente,,,3653,,,75
inserted_endereco,,3660,3653,,,75
created_cliente,3649,,,,,76
created_empresa_cliente,,,3654,,,76
inserted_endereco,,3661,3654,,,76
created_cliente,3650,,,,,77
created_empresa_cliente,,,3655,,,77
inserted_endereco,,3662,3655,,,77
created_cliente,3651,,,,,78
created_empresa_cliente,,,3656,,,78
inserted_endereco,,3663,3656,,,78
created_cliente,3652,,,,,79
created_empresa_cliente,,,3657,,,79
inserted_endereco,,3664,3657,,,79
created_cliente,3653,,,,,80
created_empresa_cliente,,,3658,,,80
inserted_endereco,,3665,3658,,,80
created_cliente,3654,,,,,81
created_empresa_cliente,,,3659,,,81
inserted_endereco,,3666,3659,,,81
created_cliente,3655,,,,,82
created_empresa_cliente,,,3660,,,82
inserted_endereco,,3667,3660,,,82
created_cliente,3656,,,,,83
created_empresa_cliente,,,3661,,,83
inserted_endereco,,3668,3661,,,83
created_cliente,3657,,,,,84
created_empresa_cliente,,,3662,,,84
inserted_endereco,,3669,3662,,,84
created_cliente,3658,,,,,85
created_empresa_cliente,,,3663,,,85
inserted_endereco,,3670,3663,,,85
created_cliente,3659,,,,,86
created_empresa_cliente,,,3664,,,86
inserted_endereco,,3671,3664,,,86
created_cliente,3660,,,,,87
created_empresa_cliente,,,3665,,,87
inserted_endereco,,3672,3665,,,87
created_cliente,3661,,,,,88
created_empresa_cliente,,,3666,,,88
inserted_endereco,,3673,3666,,,88
created_cliente,3662,,,,,89
created_empresa_cliente,,,3667,,,89
inserted_endereco,,3674,3667,,,89
created_cliente,3663,,,,,90
created_empresa_cliente,,,3668,,,90
inserted_endereco,,3675,3668,,,90
created_cliente,3664,,,,,91
created_empresa_cliente,,,3669,,,91
inserted_endereco,,3676,3669,,,91
inserted_endereco,,3677,3669,,,92
created_cliente,3665,,,,,93
created_empresa_cliente,,,3670,,,93
inserted_endereco,,3678,3670,,,93
created_cliente,3666,,,,,94
created_empresa_cliente,,,3671,,,94
inserted_endereco,,3679,3671,,,94
created_cliente,3667,,,,,95
created_empresa_cliente,,,3672,,,95
inserted_endereco,,3680,3672,,,95
created_cliente,3668,,,,,96
created_empresa_cliente,,,3673,,,96
inserted_endereco,,3681,3673,,,96
created_cliente,3669,,,,,97
created_empresa_cliente,,,3674,,,97
inserted_endereco,,3682,3674,,,97
created_cliente,3670,,,,,98
created_empresa_cliente,,,3675,,,98
inserted_endereco,,3683,3675,,,98
created_cliente,3671,,,,,99
created_empresa_cliente,,,3676,,,99
inserted_endereco,,3684,3676,,,99
created_cliente,3672,,,,,100
created_empresa_cliente,,,3677,,,100
inserted_endereco,,3685,3677,,,100
inserted_endereco,,3686,3677,,,101
created_cliente,3673,,,,,102
created_empresa_cliente,,,3678,,,102
inserted_endereco,,3687,3678,,,102
created_cliente,3674,,,,,103
created_empresa_cliente,,,3679,,,103
inserted_endereco,,3688,3679,,,103
created_cliente,3675,,,,,104
created_empresa_cliente,,,3680,,,104
inserted_endereco,,3689,3680,,,104
created_cliente,3676,,,,,105
created_empresa_cliente,,,3681,,,105
inserted_endereco,,3690,3681,,,105
inserted_endereco,,3691,3681,,,106
inserted_endereco,,3692,3681,,,107
created_cliente,3677,,,,,108
created_empresa_cliente,,,3682,,,108
inserted_endereco,,3693,3682,,,108
created_cliente,3678,,,,,109
created_empresa_cliente,,,3683,,,109
inserted_endereco,,3694,3683,,,109
created_cliente,3679,,,,,110
created_empresa_cliente,,,3684,,,110
inserted_endereco,,3695,3684,,,110
created_cliente,3680,,,,,111
created_empresa_cliente,,,3685,,,111
inserted_endereco,,3696,3685,,,111
created_cliente,3681,,,,,112
created_empresa_cliente,,,3686,,,112
inserted_endereco,,3697,3686,,,112
created_cliente,3682,,,,,113
created_empresa_cliente,,,3687,,,113
inserted_endereco,,3698,3687,,,113
created_cliente,3683,,,,,114
created_empresa_cliente,,,3688,,,114
inserted_endereco,,3699,3688,,,114
inserted_endereco,,3700,3688,,,115
created_cliente,3684,,,,,116
created_empresa_cliente,,,3689,,,116
inserted_endereco,,3701,3689,,,116
created_cliente,3685,,,,,117
created_empresa_cliente,,,3690,,,117
inserted_endereco,,3702,3690,,,117
created_cliente,3686,,,,,118
created_empresa_cliente,,,3691,,,118
inserted_endereco,,3703,3691,,,118
created_cliente,3687,,,,,119
created_empresa_cliente,,,3692,,,119
inserted_endereco,,3704,3692,,,119
created_cliente,3688,,,,,120
created_empresa_cliente,,,3693,,,120
inserted_endereco,,3705,3693,,,120
created_cliente,3689,,,,,121
created_empresa_cliente,,,3694,,,121
inserted_endereco,,3706,3694,,,121
created_cliente,3690,,,,,122
created_empresa_cliente,,,3695,,,122
inserted_endereco,,3707,3695,,,122
created_cliente,3691,,,,,123
created_empresa_cliente,,,3696,,,123
inserted_endereco,,3708,3696,,,123
created_cliente,3692,,,,,124
created_empresa_cliente,,,3697,,,124
inserted_endereco,,3709,3697,,,124
created_cliente,3693,,,,,125
created_empresa_cliente,,,3698,,,125
inserted_endereco,,3710,3698,,,125
created_cliente,3694,,,,,126
created_empresa_cliente,,,3699,,,126
inserted_endereco,,3711,3699,,,126
created_cliente,3695,,,,,127
created_empresa_cliente,,,3700,,,127
inserted_endereco,,3712,3700,,,127
created_cliente,3696,,,,,128
created_empresa_cliente,,,3701,,,128
inserted_endereco,,3713,3701,,,128
created_cliente,3697,,,,,129
created_empresa_cliente,,,3702,,,129
inserted_endereco,,3714,3702,,,129
created_cliente,3698,,,,,130
created_empresa_cliente,,,3703,,,130
inserted_endereco,,3715,3703,,,130
created_cliente,3699,,,,,131
created_empresa_cliente,,,3704,,,131
inserted_endereco,,3716,3704,,,131
created_cliente,3700,,,,,132
created_empresa_cliente,,,3705,,,132
inserted_endereco,,3717,3705,,,132
created_cliente,3701,,,,,133
created_empresa_cliente,,,3706,,,133
inserted_endereco,,3718,3706,,,133
created_cliente,3702,,,,,134
created_empresa_cliente,,,3707,,,134
inserted_endereco,,3719,3707,,,134
created_cliente,3703,,,,,135
created_empresa_cliente,,,3708,,,135
inserted_endereco,,3720,3708,,,135
created_cliente,3704,,,,,136
created_empresa_cliente,,,3709,,,136
inserted_endereco,,3721,3709,,,136
created_cliente,3705,,,,,137
created_empresa_cliente,,,3710,,,137
inserted_endereco,,3722,3710,,,137
created_cliente,3706,,,,,138
created_empresa_cliente,,,3711,,,138
inserted_endereco,,3723,3711,,,138
created_cliente,3707,,,,,139
created_empresa_cliente,,,3712,,,139
inserted_endereco,,3724,3712,,,139
created_cliente,3708,,,,,140
created_empresa_cliente,,,3713,,,140
inserted_endereco,,3725,3713,,,140
created_cliente,3709,,,,,141
created_empresa_cliente,,,3714,,,141
inserted_endereco,,3726,3714,,,141
created_cliente,3710,,,,,142
created_empresa_cliente,,,3715,,,142
inserted_endereco,,3727,3715,,,142
created_cliente,3711,,,,,143
created_empresa_cliente,,,3716,,,143
inserted_endereco,,3728,3716,,,143
created_cliente,3712,,,,,144
created_empresa_cliente,,,3717,,,144
inserted_endereco,,3729,3717,,,144
created_cliente,3713,,,,,145
created_empresa_cliente,,,3718,,,145
inserted_endereco,,3730,3718,,,145
created_cliente,3714,,,,,146
created_empresa_cliente,,,3719,,,146
inserted_endereco,,3731,3719,,,146
created_cliente,3715,,,,,147
created_empresa_cliente,,,3720,,,147
inserted_endereco,,3732,3720,,,147
created_cliente,3716,,,,,148
created_empresa_cliente,,,3721,,,148
inserted_endereco,,3733,3721,,,148
created_cliente,3717,,,,,149
created_empresa_cliente,,,3722,,,149
inserted_endereco,,3734,3722,,,149
created_cliente,3718,,,,,150
created_empresa_cliente,,,3723,,,150
inserted_endereco,,3735,3723,,,150
inserted_endereco,,3736,3723,,,151
inserted_endereco,,3737,3723,,,152
created_cliente,3719,,,,,153
created_empresa_cliente,,,3724,,,153
inserted_endereco,,3738,3724,,,153
inserted_endereco,,3739,3724,,,154
created_cliente,3720,,,,,155
created_empresa_cliente,,,3725,,,155
inserted_endereco,,3740,3725,,,155
created_cliente,3721,,,,,156
created_empresa_cliente,,,3726,,,156
inserted_endereco,,3741,3726,,,156
created_cliente,3722,,,,,157
created_empresa_cliente,,,3727,,,157
inserted_endereco,,3742,3727,,,157
created_cliente,3723,,,,,158
created_empresa_cliente,,,3728,,,158
inserted_endereco,,3743,3728,,,158
created_cliente,3724,,,,,159
created_empresa_cliente,,,3729,,,159
inserted_endereco,,3744,3729,,,159
created_cliente,3725,,,,,160
created_empresa_cliente,,,3730,,,160
inserted_endereco,,3745,3730,,,160
created_cliente,3726,,,,,161
created_empresa_cliente,,,3731,,,161
inserted_endereco,,3746,3731,,,161
created_cliente,3727,,,,,162
created_empresa_cliente,,,3732,,,162
inserted_endereco,,3747,3732,,,162
created_cliente,3728,,,,,163
created_empresa_cliente,,,3733,,,163
inserted_endereco,,3748,3733,,,163
created_cliente,3729,,,,,164
created_empresa_cliente,,,3734,,,164
inserted_endereco,,3749,3734,,,164
created_cliente,3730,,,,,165
created_empresa_cliente,,,3735,,,165
inserted_endereco,,3750,3735,,,165
created_cliente,3731,,,,,166
created_empresa_cliente,,,3736,,,166
inserted_endereco,,3751,3736,,,166
created_cliente,3732,,,,,167
created_empresa_cliente,,,3737,,,167
inserted_endereco,,3752,3737,,,167
created_cliente,3733,,,,,168
created_empresa_cliente,,,3738,,,168
inserted_endereco,,3753,3738,,,168
created_cliente,3734,,,,,169
created_empresa_cliente,,,3739,,,169
inserted_endereco,,3754,3739,,,169
created_cliente,3735,,,,,170
created_empresa_cliente,,,3740,,,170
inserted_endereco,,3755,3740,,,170
created_cliente,3736,,,,,171
created_empresa_cliente,,,3741,,,171
inserted_endereco,,3756,3741,,,171
created_cliente,3737,,,,,172
created_empresa_cliente,,,3742,,,172
inserted_endereco,,3757,3742,,,172
created_cliente,3738,,,,,173
created_empresa_cliente,,,3743,,,173
inserted_endereco,,3758,3743,,,173
created_cliente,3739,,,,,174
created_empresa_cliente,,,3744,,,174
inserted_endereco,,3759,3744,,,174
created_cliente,3740,,,,,175
created_empresa_cliente,,,3745,,,175
inserted_endereco,,3760,3745,,,175
created_cliente,3741,,,,,176
created_empresa_cliente,,,3746,,,176
inserted_endereco,,3761,3746,,,176
created_cliente,3742,,,,,177
created_empresa_cliente,,,3747,,,177
inserted_endereco,,3762,3747,,,177
created_cliente,3743,,,,,178
created_empresa_cliente,,,3748,,,178
inserted_endereco,,3763,3748,,,178
created_cliente,3744,,,,,179
created_empresa_cliente,,,3749,,,179
inserted_endereco,,3764,3749,,,179
inserted_endereco,,3765,3749,,,180
created_cliente,3745,,,,,181
created_empresa_cliente,,,3750,,,181
inserted_endereco,,3766,3750,,,181
created_cliente,3746,,,,,182
created_empresa_cliente,,,3751,,,182
inserted_endereco,,3767,3751,,,182
created_cliente,3747,,,,,183
created_empresa_cliente,,,3752,,,183
inserted_endereco,,3768,3752,,,183
created_cliente,3748,,,,,184
created_empresa_cliente,,,3753,,,184
inserted_endereco,,3769,3753,,,184
created_cliente,3749,,,,,185
created_empresa_cliente,,,3754,,,185
inserted_endereco,,3770,3754,,,185
created_cliente,3750,,,,,186
created_empresa_cliente,,,3755,,,186
inserted_endereco,,3771,3755,,,186
created_cliente,3751,,,,,187
created_empresa_cliente,,,3756,,,187
inserted_endereco,,3772,3756,,,187
created_cliente,3752,,,,,188
created_empresa_cliente,,,3757,,,188
inserted_endereco,,3773,3757,,,188
inserted_endereco,,3774,3757,,,189
created_cliente,3753,,,,,190
created_empresa_cliente,,,3758,,,190
inserted_endereco,,3775,3758,,,190
created_cliente,3754,,,,,191
created_empresa_cliente,,,3759,,,191
inserted_endereco,,3776,3759,,,191
created_cliente,3755,,,,,192
created_empresa_cliente,,,3760,,,192
inserted_endereco,,3777,3760,,,192
created_cliente,3756,,,,,193
created_empresa_cliente,,,3761,,,193
inserted_endereco,,3778,3761,,,193
created_cliente,3757,,,,,194
created_empresa_cliente,,,3762,,,194
inserted_endereco,,3779,3762,,,194
inserted_endereco,,3780,3762,,,195
created_cliente,3758,,,,,196
created_empresa_cliente,,,3763,,,196
inserted_endereco,,3781,3763,,,196
created_cliente,3759,,,,,197
created_empresa_cliente,,,3764,,,197
inserted_endereco,,3782,3764,,,197
created_cliente,3760,,,,,198
created_empresa_cliente,,,3765,,,198
inserted_endereco,,3783,3765,,,198
created_cliente,3761,,,,,199
created_empresa_cliente,,,3766,,,199
inserted_endereco,,3784,3766,,,199
inserted_endereco,,3785,3766,,,200
created_cliente,3762,,,,,201
created_empresa_cliente,,,3767,,,201
inserted_endereco,,3786,3767,,,201
created_cliente,3763,,,,,202
created_empresa_cliente,,,3768,,,202
inserted_endereco,,3787,3768,,,202
created_cliente,3764,,,,,203
created_empresa_cliente,,,3769,,,203
inserted_endereco,,3788,3769,,,203
created_cliente,3765,,,,,204
created_empresa_cliente,,,3770,,,204
inserted_endereco,,3789,3770,,,204
created_cliente,3766,,,,,205
created_empresa_cliente,,,3771,,,205
inserted_endereco,,3790,3771,,,205
created_cliente,3767,,,,,206
created_empresa_cliente,,,3772,,,206
inserted_endereco,,3791,3772,,,206
created_cliente,3768,,,,,207
created_empresa_cliente,,,3773,,,207
inserted_endereco,,3792,3773,,,207
created_cliente,3769,,,,,208
created_empresa_cliente,,,3774,,,208
inserted_endereco,,3793,3774,,,208
created_cliente,3770,,,,,209
created_empresa_cliente,,,3775,,,209
inserted_endereco,,3794,3775,,,209
inserted_endereco,,3795,3775,,,210
created_cliente,3771,,,,,211
created_empresa_cliente,,,3776,,,211
inserted_endereco,,3796,3776,,,211
created_cliente,3772,,,,,212
created_empresa_cliente,,,3777,,,212
inserted_endereco,,3797,3777,,,212
created_cliente,3773,,,,,213
created_empresa_cliente,,,3778,,,213
inserted_endereco,,3798,3778,,,213
created_cliente,3774,,,,,214
created_empresa_cliente,,,3779,,,214
inserted_endereco,,3799,3779,,,214
inserted_endereco,,3800,3779,,,215
created_cliente,3775,,,,,216
created_empresa_cliente,,,3780,,,216
inserted_endereco,,3801,3780,,,216
created_cliente,3776,,,,,217
created_empresa_cliente,,,3781,,,217
inserted_endereco,,3802,3781,,,217
created_cliente,3777,,,,,218
created_empresa_cliente,,,3782,,,218
inserted_endereco,,3803,3782,,,218
created_cliente,3778,,,,,219
created_empresa_cliente,,,3783,,,219
inserted_endereco,,3804,3783,,,219
created_cliente,3779,,,,,220
created_empresa_cliente,,,3784,,,220
inserted_endereco,,3805,3784,,,220
created_cliente,3780,,,,,221
created_empresa_cliente,,,3785,,,221
inserted_endereco,,3806,3785,,,221
created_cliente,3781,,,,,222
created_empresa_cliente,,,3786,,,222
inserted_endereco,,3807,3786,,,222
created_cliente,3782,,,,,223
created_empresa_cliente,,,3787,,,223
inserted_endereco,,3808,3787,,,223
created_cliente,3783,,,,,224
created_empresa_cliente,,,3788,,,224
inserted_endereco,,3809,3788,,,224
created_cliente,3784,,,,,225
created_empresa_cliente,,,3789,,,225
inserted_endereco,,3810,3789,,,225
created_cliente,3785,,,,,226
created_empresa_cliente,,,3790,,,226
inserted_endereco,,3811,3790,,,226
created_cliente,3786,,,,,227
created_empresa_cliente,,,3791,,,227
inserted_endereco,,3812,3791,,,227
created_cliente,3787,,,,,228
created_empresa_cliente,,,3792,,,228
inserted_endereco,,3813,3792,,,228
created_cliente,3788,,,,,229
created_empresa_cliente,,,3793,,,229
inserted_endereco,,3814,3793,,,229
created_cliente,3789,,,,,230
created_empresa_cliente,,,3794,,,230
inserted_endereco,,3815,3794,,,230
created_cliente,3790,,,,,231
created_empresa_cliente,,,3795,,,231
inserted_endereco,,3816,3795,,,231
created_cliente,3791,,,,,232
created_empresa_cliente,,,3796,,,232
inserted_endereco,,3817,3796,,,232
created_cliente,3792,,,,,233
created_empresa_cliente,,,3797,,,233
inserted_endereco,,3818,3797,,,233
inserted_endereco,,3819,3797,,,234
created_cliente,3793,,,,,235
created_empresa_cliente,,,3798,,,235
inserted_endereco,,3820,3798,,,235
inserted_endereco,,3821,3798,,,236
created_cliente,3794,,,,,237
created_empresa_cliente,,,3799,,,237
inserted_endereco,,3822,3799,,,237
inserted_endereco,,3823,3799,,,238
inserted_endereco,,3824,3799,,,239
inserted_endereco,,3825,3799,,,240
created_cliente,3795,,,,,241
created_empresa_cliente,,,3800,,,241
inserted_endereco,,3826,3800,,,241
created_cliente,3796,,,,,242
created_empresa_cliente,,,3801,,,242
inserted_endereco,,3827,3801,,,242
inserted_endereco,,3828,3801,,,243
created_cliente,3797,,,,,244
created_empresa_cliente,,,3802,,,244
inserted_endereco,,3829,3802,,,244
created_cliente,3798,,,,,245
created_empresa_cliente,,,3803,,,245
inserted_endereco,,3830,3803,,,245
inserted_endereco,,3831,3803,,,246
created_cliente,3799,,,,,247
created_empresa_cliente,,,3804,,,247
inserted_endereco,,3832,3804,,,247
inserted_endereco,,3833,3804,,,248
created_cliente,3800,,,,,249
created_empresa_cliente,,,3805,,,249
inserted_endereco,,3834,3805,,,249
created_cliente,3801,,,,,250
created_empresa_cliente,,,3806,,,250
inserted_endereco,,3835,3806,,,250
created_cliente,3802,,,,,251
created_empresa_cliente,,,3807,,,251
inserted_endereco,,3836,3807,,,251
created_cliente,3803,,,,,252
created_empresa_cliente,,,3808,,,252
inserted_endereco,,3837,3808,,,252
created_cliente,3804,,,,,253
created_empresa_cliente,,,3809,,,253
inserted_endereco,,3838,3809,,,253
created_cliente,3805,,,,,254
created_empresa_cliente,,,3810,,,254
inserted_endereco,,3839,3810,,,254
created_cliente,3806,,,,,255
created_empresa_cliente,,,3811,,,255
inserted_endereco,,3840,3811,,,255
inserted_endereco,,3841,3811,,,256
inserted_endereco,,3842,3811,,,257
created_cliente,3807,,,,,258
created_empresa_cliente,,,3812,,,258
inserted_endereco,,3843,3812,,,258
created_cliente,3808,,,,,259
created_empresa_cliente,,,3813,,,259
inserted_endereco,,3844,3813,,,259
inserted_endereco,,3845,3813,,,260
inserted_endereco,,3846,3813,,,261
created_cliente,3809,,,,,262
created_empresa_cliente,,,3814,,,262
inserted_endereco,,3847,3814,,,262
created_cliente,3810,,,,,263
created_empresa_cliente,,,3815,,,263
inserted_endereco,,3848,3815,,,263
created_cliente,3811,,,,,264
created_empresa_cliente,,,3816,,,264
inserted_endereco,,3849,3816,,,264
created_cliente,3812,,,,,265
created_empresa_cliente,,,3817,,,265
inserted_endereco,,3850,3817,,,265
created_cliente,3813,,,,,266
created_empresa_cliente,,,3818,,,266
inserted_endereco,,3851,3818,,,266
created_cliente,3814,,,,,267
created_empresa_cliente,,,3819,,,267
inserted_endereco,,3852,3819,,,267
created_cliente,3815,,,,,268
created_empresa_cliente,,,3820,,,268
inserted_endereco,,3853,3820,,,268
created_cliente,3816,,,,,269
created_empresa_cliente,,,3821,,,269
inserted_endereco,,3854,3821,,,269
created_cliente,3817,,,,,270
created_empresa_cliente,,,3822,,,270
inserted_endereco,,3855,3822,,,270
created_cliente,3818,,,,,271
created_empresa_cliente,,,3823,,,271
inserted_endereco,,3856,3823,,,271
created_cliente,3819,,,,,272
created_empresa_cliente,,,3824,,,272
inserted_endereco,,3857,3824,,,272
created_cliente,3820,,,,,273
created_empresa_cliente,,,3825,,,273
inserted_endereco,,3858,3825,,,273
created_cliente,3821,,,,,274
created_empresa_cliente,,,3826,,,274
inserted_endereco,,3859,3826,,,274
created_cliente,3822,,,,,275
created_empresa_cliente,,,3827,,,275
inserted_endereco,,3860,3827,,,275
created_cliente,3823,,,,,276
created_empresa_cliente,,,3828,,,276
inserted_endereco,,3861,3828,,,276
created_cliente,3824,,,,,277
created_empresa_cliente,,,3829,,,277
inserted_endereco,,3862,3829,,,277
created_cliente,3825,,,,,278
created_empresa_cliente,,,3830,,,278
inserted_endereco,,3863,3830,,,278
created_cliente,3826,,,,,279
created_empresa_cliente,,,3831,,,279
inserted_endereco,,3864,3831,,,279
created_cliente,3827,,,,,280
created_empresa_cliente,,,3832,,,280
inserted_endereco,,3865,3832,,,280
created_cliente,3828,,,,,281
created_empresa_cliente,,,3833,,,281
inserted_endereco,,3866,3833,,,281
created_cliente,3829,,,,,282
created_empresa_cliente,,,3834,,,282
inserted_endereco,,3867,3834,,,282
inserted_endereco,,3868,3834,,,283
created_cliente,3830,,,,,284
created_empresa_cliente,,,3835,,,284
inserted_endereco,,3869,3835,,,284
created_cliente,3831,,,,,285
created_empresa_cliente,,,3836,,,285
inserted_endereco,,3870,3836,,,285
created_cliente,3832,,,,,286
created_empresa_cliente,,,3837,,,286
inserted_endereco,,3871,3837,,,286
created_cliente,3833,,,,,287
created_empresa_cliente,,,3838,,,287
inserted_endereco,,3872,3838,,,287
inserted_endereco,,3873,3838,,,288
inserted_endereco,,3874,3838,,,289
inserted_endereco,,3875,3838,,,290
created_cliente,3834,,,,,291
created_empresa_cliente,,,3839,,,291
inserted_endereco,,3876,3839,,,291
created_cliente,3835,,,,,292
created_empresa_cliente,,,3840,,,292
inserted_endereco,,3877,3840,,,292
created_cliente,3836,,,,,293
created_empresa_cliente,,,3841,,,293
inserted_endereco,,3878,3841,,,293
created_cliente,3837,,,,,294
created_empresa_cliente,,,3842,,,294
inserted_endereco,,3879,3842,,,294
created_cliente,3838,,,,,295
created_empresa_cliente,,,3843,,,295
inserted_endereco,,3880,3843,,,295
created_cliente,3839,,,,,296
created_empresa_cliente,,,3844,,,296
inserted_endereco,,3881,3844,,,296
created_cliente,3840,,,,,297
created_empresa_cliente,,,3845,,,297
inserted_endereco,,3882,3845,,,297
created_cliente,3841,,,,,298
created_empresa_cliente,,,3846,,,298
inserted_endereco,,3883,3846,,,298
created_cliente,3842,,,,,299
created_empresa_cliente,,,3847,,,299
inserted_endereco,,3884,3847,,,299
created_cliente,3843,,,,,300
created_empresa_cliente,,,3848,,,300
inserted_endereco,,3885,3848,,,300
created_cliente,3844,,,,,301
created_empresa_cliente,,,3849,,,301
inserted_endereco,,3886,3849,,,301
created_cliente,3845,,,,,302
created_empresa_cliente,,,3850,,,302
inserted_endereco,,3887,3850,,,302
created_cliente,3846,,,,,303
created_empresa_cliente,,,3851,,,303
inserted_endereco,,3888,3851,,,303
created_cliente,3847,,,,,304
created_empresa_cliente,,,3852,,,304
inserted_endereco,,3889,3852,,,304
inserted_endereco,,3890,3852,,,305
created_cliente,3848,,,,,306
created_empresa_cliente,,,3853,,,306
inserted_endereco,,3891,3853,,,306
created_cliente,3849,,,,,307
created_empresa_cliente,,,3854,,,307
inserted_endereco,,3892,3854,,,307
created_cliente,3850,,,,,308
created_empresa_cliente,,,3855,,,308
inserted_endereco,,3893,3855,,,308
created_cliente,3851,,,,,309
created_empresa_cliente,,,3856,,,309
inserted_endereco,,3894,3856,,,309
created_cliente,3852,,,,,310
created_empresa_cliente,,,3857,,,310
inserted_endereco,,3895,3857,,,310
created_cliente,3853,,,,,311
created_empresa_cliente,,,3858,,,311
inserted_endereco,,3896,3858,,,311
created_cliente,3854,,,,,312
created_empresa_cliente,,,3859,,,312
inserted_endereco,,3897,3859,,,312
inserted_endereco,,3898,3859,,,313
inserted_endereco,,3899,3859,,,314
created_cliente,3855,,,,,315
created_empresa_cliente,,,3860,,,315
inserted_endereco,,3900,3860,,,315
created_cliente,3856,,,,,316
created_empresa_cliente,,,3861,,,316
inserted_endereco,,3901,3861,,,316
created_cliente,3857,,,,,317
created_empresa_cliente,,,3862,,,317
inserted_endereco,,3902,3862,,,317
created_cliente,3858,,,,,318
created_empresa_cliente,,,3863,,,318
inserted_endereco,,3903,3863,,,318
created_cliente,3859,,,,,319
created_empresa_cliente,,,3864,,,319
inserted_endereco,,3904,3864,,,319
created_cliente,3860,,,,,320
created_empresa_cliente,,,3865,,,320
inserted_endereco,,3905,3865,,,320
created_cliente,3861,,,,,321
created_empresa_cliente,,,3866,,,321
inserted_endereco,,3906,3866,,,321
created_cliente,3862,,,,,322
created_empresa_cliente,,,3867,,,322
inserted_endereco,,3907,3867,,,322
created_cliente,3863,,,,,323
created_empresa_cliente,,,3868,,,323
inserted_endereco,,3908,3868,,,323
created_cliente,3864,,,,,324
created_empresa_cliente,,,3869,,,324
inserted_endereco,,3909,3869,,,324
created_cliente,3865,,,,,325
created_empresa_cliente,,,3870,,,325
inserted_endereco,,3910,3870,,,325
inserted_endereco,,3911,3870,,,326
created_cliente,3866,,,,,327
created_empresa_cliente,,,3871,,,327
inserted_endereco,,3912,3871,,,327
created_cliente,3867,,,,,328
created_empresa_cliente,,,3872,,,328
inserted_endereco,,3913,3872,,,328
created_cliente,3868,,,,,329
created_empresa_cliente,,,3873,,,329
inserted_endereco,,3914,3873,,,329
created_cliente,3869,,,,,330
created_empresa_cliente,,,3874,,,330
inserted_endereco,,3915,3874,,,330
created_cliente,3870,,,,,331
created_empresa_cliente,,,3875,,,331
inserted_endereco,,3916,3875,,,331
created_cliente,3871,,,,,332
created_empresa_cliente,,,3876,,,332
inserted_endereco,,3917,3876,,,332
created_cliente,3872,,,,,333
created_empresa_cliente,,,3877,,,333
inserted_endereco,,3918,3877,,,333
created_cliente,3873,,,,,334
created_empresa_cliente,,,3878,,,334
inserted_endereco,,3919,3878,,,334
inserted_endereco,,3920,3878,,,335
created_cliente,3874,,,,,336
created_empresa_cliente,,,3879,,,336
inserted_endereco,,3921,3879,,,336
created_cliente,3875,,,,,337
created_empresa_cliente,,,3880,,,337
inserted_endereco,,3922,3880,,,337
created_cliente,3876,,,,,338
created_empresa_cliente,,,3881,,,338
inserted_endereco,,3923,3881,,,338
created_cliente,3877,,,,,339
created_empresa_cliente,,,3882,,,339
inserted_endereco,,3924,3882,,,339
created_cliente,3878,,,,,340
created_empresa_cliente,,,3883,,,340
inserted_endereco,,3925,3883,,,340
created_cliente,3879,,,,,341
created_empresa_cliente,,,3884,,,341
inserted_endereco,,3926,3884,,,341
created_cliente,3880,,,,,342
created_empresa_cliente,,,3885,,,342
inserted_endereco,,3927,3885,,,342
created_cliente,3881,,,,,343
created_empresa_cliente,,,3886,,,343
inserted_endereco,,3928,3886,,,343
created_empresa_cliente,,,3887,,,344
inserted_endereco,,3929,3887,,,344
created_cliente,3882,,,,,345
created_empresa_cliente,,,3888,,,345
inserted_endereco,,3930,3888,,,345
created_cliente,3883,,,,,346
created_empresa_cliente,,,3889,,,346
inserted_endereco,,3931,3889,,,346
created_cliente,3884,,,,,347
created_empresa_cliente,,,3890,,,347
inserted_endereco,,3932,3890,,,347
created_cliente,3885,,,,,348
created_empresa_cliente,,,3891,,,348
inserted_endereco,,3933,3891,,,348
created_cliente,3886,,,,,349
created_empresa_cliente,,,3892,,,349
inserted_endereco,,3934,3892,,,349
created_cliente,3887,,,,,350
created_empresa_cliente,,,3893,,,350
inserted_endereco,,3935,3893,,,350
created_cliente,3888,,,,,351
created_empresa_cliente,,,3894,,,351
inserted_endereco,,3936,3894,,,351
created_cliente,3889,,,,,352
created_empresa_cliente,,,3895,,,352
inserted_endereco,,3937,3895,,,352
created_cliente,3890,,,,,353
created_empresa_cliente,,,3896,,,353
inserted_endereco,,3938,3896,,,353
created_cliente,3891,,,,,354
created_empresa_cliente,,,3897,,,354
inserted_endereco,,3939,3897,,,354
created_cliente,3892,,,,,355
created_empresa_cliente,,,3898,,,355
inserted_endereco,,3940,3898,,,355
created_cliente,3893,,,,,356
created_empresa_cliente,,,3899,,,356
inserted_endereco,,3941,3899,,,356
created_cliente,3894,,,,,357
created_empresa_cliente,,,3900,,,357
inserted_endereco,,3942,3900,,,357
created_cliente,3895,,,,,358
created_empresa_cliente,,,3901,,,358
inserted_endereco,,3943,3901,,,358
created_cliente,3896,,,,,359
created_empresa_cliente,,,3902,,,359
inserted_endereco,,3944,3902,,,359
created_cliente,3897,,,,,360
created_empresa_cliente,,,3903,,,360
inserted_endereco,,3945,3903,,,360
created_cliente,3898,,,,,361
created_empresa_cliente,,,3904,,,361
inserted_endereco,,3946,3904,,,361
created_cliente,3899,,,,,362
created_empresa_cliente,,,3905,,,362
inserted_endereco,,3947,3905,,,362
inserted_endereco,,3948,3905,,,363
created_cliente,3900,,,,,364
created_empresa_cliente,,,3906,,,364
inserted_endereco,,3949,3906,,,364
created_cliente,3901,,,,,365
created_empresa_cliente,,,3907,,,365
inserted_endereco,,3950,3907,,,365
inserted_endereco,,3951,3907,,,366
created_cliente,3902,,,,,367
created_empresa_cliente,,,3908,,,367
inserted_endereco,,3952,3908,,,367
created_cliente,3903,,,,,368
created_empresa_cliente,,,3909,,,368
inserted_endereco,,3953,3909,,,368
created_cliente,3904,,,,,369
created_empresa_cliente,,,3910,,,369
inserted_endereco,,3954,3910,,,369
created_cliente,3905,,,,,370
created_empresa_cliente,,,3911,,,370
inserted_endereco,,3955,3911,,,370
created_cliente,3906,,,,,371
created_empresa_cliente,,,3912,,,371
inserted_endereco,,3956,3912,,,371
created_cliente,3907,,,,,372
created_empresa_cliente,,,3913,,,372
inserted_endereco,,3957,3913,,,372
created_cliente,3908,,,,,373
created_empresa_cliente,,,3914,,,373
inserted_endereco,,3958,3914,,,373
created_cliente,3909,,,,,374
created_empresa_cliente,,,3915,,,374
inserted_endereco,,3959,3915,,,374
created_cliente,3910,,,,,375
created_empresa_cliente,,,3916,,,375
inserted_endereco,,3960,3916,,,375
created_cliente,3911,,,,,376
created_empresa_cliente,,,3917,,,376
inserted_endereco,,3961,3917,,,376
created_cliente,3912,,,,,377
created_empresa_cliente,,,3918,,,377
inserted_endereco,,3962,3918,,,377
created_cliente,3913,,,,,378
created_empresa_cliente,,,3919,,,378
inserted_endereco,,3963,3919,,,378
created_cliente,3914,,,,,379
created_empresa_cliente,,,3920,,,379
inserted_endereco,,3964,3920,,,379
created_cliente,3915,,,,,380
created_empresa_cliente,,,3921,,,380
inserted_endereco,,3965,3921,,,380
created_cliente,3916,,,,,381
created_empresa_cliente,,,3922,,,381
inserted_endereco,,3966,3922,,,381
inserted_endereco,,3967,3922,,,382
created_cliente,3917,,,,,383
created_empresa_cliente,,,3923,,,383
inserted_endereco,,3968,3923,,,383
created_cliente,3918,,,,,384
created_empresa_cliente,,,3924,,,384
inserted_endereco,,3969,3924,,,384
created_cliente,3919,,,,,385
created_empresa_cliente,,,3925,,,385
inserted_endereco,,3970,3925,,,385
created_cliente,3920,,,,,386
created_empresa_cliente,,,3926,,,386
inserted_endereco,,3971,3926,,,386
created_cliente,3921,,,,,387
created_empresa_cliente,,,3927,,,387
inserted_endereco,,3972,3927,,,387
created_cliente,3922,,,,,388
created_empresa_cliente,,,3928,,,388
inserted_endereco,,3973,3928,,,388
created_cliente,3923,,,,,389
created_empresa_cliente,,,3929,,,389
inserted_endereco,,3974,3929,,,389
created_cliente,3924,,,,,390
created_empresa_cliente,,,3930,,,390
inserted_endereco,,3975,3930,,,390
created_cliente,3925,,,,,391
created_empresa_cliente,,,3931,,,391
inserted_endereco,,3976,3931,,,391
created_cliente,3926,,,,,392
created_empresa_cliente,,,3932,,,392
inserted_endereco,,3977,3932,,,392
created_cliente,3927,,,,,393
created_empresa_cliente,,,3933,,,393
inserted_endereco,,3978,3933,,,393
created_cliente,3928,,,,,394
created_empresa_cliente,,,3934,,,394
inserted_endereco,,3979,3934,,,394
created_cliente,3929,,,,,395
created_empresa_cliente,,,3935,,,395
inserted_endereco,,3980,3935,,,395
created_cliente,3930,,,,,396
created_empresa_cliente,,,3936,,,396
inserted_endereco,,3981,3936,,,396
created_cliente,3931,,,,,397
created_empresa_cliente,,,3937,,,397
inserted_endereco,,3982,3937,,,397
created_cliente,3932,,,,,398
created_empresa_cliente,,,3938,,,398
inserted_endereco,,3983,3938,,,398
created_cliente,3933,,,,,399
created_empresa_cliente,,,3939,,,399
inserted_endereco,,3984,3939,,,399
created_cliente,3934,,,,,400
created_empresa_cliente,,,3940,,,400
inserted_endereco,,3985,3940,,,400
created_cliente,3935,,,,,401
created_empresa_cliente,,,3941,,,401
inserted_endereco,,3986,3941,,,401
created_cliente,3936,,,,,402
created_empresa_cliente,,,3942,,,402
inserted_endereco,,3987,3942,,,402
created_cliente,3937,,,,,403
created_empresa_cliente,,,3943,,,403
inserted_endereco,,3988,3943,,,403
created_cliente,3938,,,,,404
created_empresa_cliente,,,3944,,,404
inserted_endereco,,3989,3944,,,404
created_cliente,3939,,,,,405
created_empresa_cliente,,,3945,,,405
inserted_endereco,,3990,3945,,,405
created_cliente,3940,,,,,406
created_empresa_cliente,,,3946,,,406
inserted_endereco,,3991,3946,,,406
created_cliente,3941,,,,,407
created_empresa_cliente,,,3947,,,407
inserted_endereco,,3992,3947,,,407
created_cliente,3942,,,,,408
created_empresa_cliente,,,3948,,,408
inserted_endereco,,3993,3948,,,408
created_cliente,3943,,,,,409
created_empresa_cliente,,,3949,,,409
inserted_endereco,,3994,3949,,,409
created_cliente,3944,,,,,410
created_empresa_cliente,,,3950,,,410
inserted_endereco,,3995,3950,,,410
created_cliente,3945,,,,,411
created_empresa_cliente,,,3951,,,411
inserted_endereco,,3996,3951,,,411
created_cliente,3946,,,,,412
created_empresa_cliente,,,3952,,,412
inserted_endereco,,3997,3952,,,412
created_cliente,3947,,,,,413
created_empresa_cliente,,,3953,,,413
inserted_endereco,,3998,3953,,,413
created_cliente,3948,,,,,414
created_empresa_cliente,,,3954,,,414
inserted_endereco,,3999,3954,,,414
inserted_endereco,,4000,3954,,,415
created_cliente,3949,,,,,416
created_empresa_cliente,,,3955,,,416
inserted_endereco,,4001,3955,,,416
created_cliente,3950,,,,,417
created_empresa_cliente,,,3956,,,417
inserted_endereco,,4002,3956,,,417
created_cliente,3951,,,,,418
created_empresa_cliente,,,3957,,,418
inserted_endereco,,4003,3957,,,418
created_cliente,3952,,,,,419
created_empresa_cliente,,,3958,,,419
inserted_endereco,,4004,3958,,,419
created_cliente,3953,,,,,420
created_empresa_cliente,,,3959,,,420
inserted_endereco,,4005,3959,,,420
created_cliente,3954,,,,,421
created_empresa_cliente,,,3960,,,421
inserted_endereco,,4006,3960,,,421
created_cliente,3955,,,,,422
created_empresa_cliente,,,3961,,,422
inserted_endereco,,4007,3961,,,422
created_cliente,3956,,,,,423
created_empresa_cliente,,,3962,,,423
inserted_endereco,,4008,3962,,,423
created_cliente,3957,,,,,424
created_empresa_cliente,,,3963,,,424
inserted_endereco,,4009,3963,,,424
created_cliente,3958,,,,,425
created_empresa_cliente,,,3964,,,425
inserted_endereco,,4010,3964,,,425
inserted_endereco,,4011,3964,,,426
created_cliente,3959,,,,,427
created_empresa_cliente,,,3965,,,427
inserted_endereco,,4012,3965,,,427
created_cliente,3960,,,,,428
created_empresa_cliente,,,3966,,,428
inserted_endereco,,4013,3966,,,428
created_cliente,3961,,,,,429
created_empresa_cliente,,,3967,,,429
inserted_endereco,,4014,3967,,,429
created_cliente,3962,,,,,430
created_empresa_cliente,,,3968,,,430
inserted_endereco,,4015,3968,,,430
created_cliente,3963,,,,,431
created_empresa_cliente,,,3969,,,431
inserted_endereco,,4016,3969,,,431
created_cliente,3964,,,,,432
created_empresa_cliente,,,3970,,,432
inserted_endereco,,4017,3970,,,432
created_cliente,3965,,,,,433
created_empresa_cliente,,,3971,,,433
inserted_endereco,,4018,3971,,,433
created_cliente,3966,,,,,434
created_empresa_cliente,,,3972,,,434
inserted_endereco,,4019,3972,,,434
created_cliente,3967,,,,,435
created_empresa_cliente,,,3973,,,435
inserted_endereco,,4020,3973,,,435
created_cliente,3968,,,,,436
created_empresa_cliente,,,3974,,,436
inserted_endereco,,4021,3974,,,436
created_cliente,3969,,,,,437
created_empresa_cliente,,,3975,,,437
inserted_endereco,,4022,3975,,,437
created_cliente,3970,,,,,438
created_empresa_cliente,,,3976,,,438
inserted_endereco,,4023,3976,,,438
created_cliente,3971,,,,,439
created_empresa_cliente,,,3977,,,439
inserted_endereco,,4024,3977,,,439
created_cliente,3972,,,,,440
created_empresa_cliente,,,3978,,,440
inserted_endereco,,4025,3978,,,440
created_cliente,3973,,,,,441
created_empresa_cliente,,,3979,,,441
inserted_endereco,,4026,3979,,,441
created_cliente,3974,,,,,442
created_empresa_cliente,,,3980,,,442
inserted_endereco,,4027,3980,,,442
created_cliente,3975,,,,,443
created_empresa_cliente,,,3981,,,443
inserted_endereco,,4028,3981,,,443
created_cliente,3976,,,,,444
created_empresa_cliente,,,3982,,,444
inserted_endereco,,4029,3982,,,444
created_cliente,3977,,,,,445
created_empresa_cliente,,,3983,,,445
inserted_endereco,,4030,3983,,,445
created_cliente,3978,,,,,446
created_empresa_cliente,,,3984,,,446
inserted_endereco,,4031,3984,,,446
created_cliente,3979,,,,,447
created_empresa_cliente,,,3985,,,447
inserted_endereco,,4032,3985,,,447
created_cliente,3980,,,,,448
created_empresa_cliente,,,3986,,,448
inserted_endereco,,4033,3986,,,448
created_cliente,3981,,,,,449
created_empresa_cliente,,,3987,,,449
inserted_endereco,,4034,3987,,,449
created_cliente,3982,,,,,450
created_empresa_cliente,,,3988,,,450
inserted_endereco,,4035,3988,,,450
created_cliente,3983,,,,,451
created_empresa_cliente,,,3989,,,451
inserted_endereco,,4036,3989,,,451
inserted_endereco,,4037,3989,,,452
inserted_endereco,,4038,3989,,,453
created_cliente,3984,,,,,454
created_empresa_cliente,,,3990,,,454
inserted_endereco,,4039,3990,,,454
created_cliente,3985,,,,,455
created_empresa_cliente,,,3991,,,455
inserted_endereco,,4040,3991,,,455
inserted_endereco,,4041,3991,,,456
created_cliente,3986,,,,,457
created_empresa_cliente,,,3992,,,457
inserted_endereco,,4042,3992,,,457
created_cliente,3987,,,,,458
created_empresa_cliente,,,3993,,,458
inserted_endereco,,4043,3993,,,458
created_cliente,3988,,,,,459
created_empresa_cliente,,,3994,,,459
inserted_endereco,,4044,3994,,,459
created_cliente,3989,,,,,460
created_empresa_cliente,,,3995,,,460
inserted_endereco,,4045,3995,,,460
created_cliente,3990,,,,,461
created_empresa_cliente,,,3996,,,461
inserted_endereco,,4046,3996,,,461
created_cliente,3991,,,,,462
created_empresa_cliente,,,3997,,,462
inserted_endereco,,4047,3997,,,462
created_cliente,3992,,,,,463
created_empresa_cliente,,,3998,,,463
inserted_endereco,,4048,3998,,,463
created_cliente,3993,,,,,464
created_empresa_cliente,,,3999,,,464
inserted_endereco,,4049,3999,,,464
created_cliente,3994,,,,,465
created_empresa_cliente,,,4000,,,465
inserted_endereco,,4050,4000,,,465
created_cliente,3995,,,,,466
created_empresa_cliente,,,4001,,,466
inserted_endereco,,4051,4001,,,466
created_cliente,3996,,,,,467
created_empresa_cliente,,,4002,,,467
inserted_endereco,,4052,4002,,,467
created_cliente,3997,,,,,468
created_empresa_cliente,,,4003,,,468
inserted_endereco,,4053,4003,,,468
created_cliente,3998,,,,,469
created_empresa_cliente,,,4004,,,469
inserted_endereco,,4054,4004,,,469
created_cliente,3999,,,,,470
created_empresa_cliente,,,4005,,,470
inserted_endereco,,4055,4005,,,470
created_cliente,4000,,,,,471
created_empresa_cliente,,,4006,,,471
inserted_endereco,,4056,4006,,,471
created_cliente,4001,,,,,472
created_empresa_cliente,,,4007,,,472
inserted_endereco,,4057,4007,,,472
created_cliente,4002,,,,,473
created_empresa_cliente,,,4008,,,473
inserted_endereco,,4058,4008,,,473
created_cliente,4003,,,,,474
created_empresa_cliente,,,4009,,,474
inserted_endereco,,4059,4009,,,474
created_cliente,4004,,,,,475
created_empresa_cliente,,,4010,,,475
inserted_endereco,,4060,4010,,,475
created_cliente,4005,,,,,476
created_empresa_cliente,,,4011,,,476
inserted_endereco,,4061,4011,,,476
created_cliente,4006,,,,,477
created_empresa_cliente,,,4012,,,477
inserted_endereco,,4062,4012,,,477
created_cliente,4007,,,,,478
created_empresa_cliente,,,4013,,,478
inserted_endereco,,4063,4013,,,478
created_cliente,4008,,,,,479
created_empresa_cliente,,,4014,,,479
inserted_endereco,,4064,4014,,,479
created_cliente,4009,,,,,480
created_empresa_cliente,,,4015,,,480
inserted_endereco,,4065,4015,,,480
created_cliente,4010,,,,,481
created_empresa_cliente,,,4016,,,481
inserted_endereco,,4066,4016,,,481
created_cliente,4011,,,,,482
created_empresa_cliente,,,4017,,,482
inserted_endereco,,4067,4017,,,482
created_cliente,4012,,,,,483
created_empresa_cliente,,,4018,,,483
inserted_endereco,,4068,4018,,,483
created_cliente,4013,,,,,484
created_empresa_cliente,,,4019,,,484
inserted_endereco,,4069,4019,,,484
created_cliente,4014,,,,,485
created_empresa_cliente,,,4020,,,485
inserted_endereco,,4070,4020,,,485
created_cliente,4015,,,,,486
created_empresa_cliente,,,4021,,,486
inserted_endereco,,4071,4021,,,486
created_cliente,4016,,,,,487
created_empresa_cliente,,,4022,,,487
inserted_endereco,,4072,4022,,,487
created_cliente,4017,,,,,488
created_empresa_cliente,,,4023,,,488
inserted_endereco,,4073,4023,,,488
created_cliente,4018,,,,,489
created_empresa_cliente,,,4024,,,489
inserted_endereco,,4074,4024,,,489
created_cliente,4019,,,,,490
created_empresa_cliente,,,4025,,,490
inserted_endereco,,4075,4025,,,490
created_cliente,4020,,,,,491
created_empresa_cliente,,,4026,,,491
inserted_endereco,,4076,4026,,,491
created_cliente,4021,,,,,492
created_empresa_cliente,,,4027,,,492
inserted_endereco,,4077,4027,,,492
created_cliente,4022,,,,,493
created_empresa_cliente,,,4028,,,493
inserted_endereco,,4078,4028,,,493
created_cliente,4023,,,,,494
created_empresa_cliente,,,4029,,,494
inserted_endereco,,4079,4029,,,494
created_cliente,4024,,,,,495
created_empresa_cliente,,,4030,,,495
inserted_endereco,,4080,4030,,,495
created_cliente,4025,,,,,496
created_empresa_cliente,,,4031,,,496
inserted_endereco,,4081,4031,,,496
created_cliente,4026,,,,,497
created_empresa_cliente,,,4032,,,497
inserted_endereco,,4082,4032,,,497
created_cliente,4027,,,,,498
created_empresa_cliente,,,4033,,,498
inserted_endereco,,4083,4033,,,498
created_cliente,4028,,,,,499
created_empresa_cliente,,,4034,,,499
inserted_endereco,,4084,4034,,,499
created_cliente,4029,,,,,500
created_empresa_cliente,,,4035,,,500
inserted_endereco,,4085,4035,,,500
created_cliente,4030,,,,,501
created_empresa_cliente,,,4036,,,501
inserted_endereco,,4086,4036,,,501
created_cliente,4031,,,,,502
created_empresa_cliente,,,4037,,,502
inserted_endereco,,4087,4037,,,502
created_cliente,4032,,,,,503
created_empresa_cliente,,,4038,,,503
inserted_endereco,,4088,4038,,,503
created_cliente,4033,,,,,504
created_empresa_cliente,,,4039,,,504
inserted_endereco,,4089,4039,,,504
created_cliente,4034,,,,,505
created_empresa_cliente,,,4040,,,505
inserted_endereco,,4090,4040,,,505
created_cliente,4035,,,,,506
created_empresa_cliente,,,4041,,,506
inserted_endereco,,4091,4041,,,506
created_cliente,4036,,,,,507
created_empresa_cliente,,,4042,,,507
inserted_endereco,,4092,4042,,,507
created_cliente,4037,,,,,508
created_empresa_cliente,,,4043,,,508
inserted_endereco,,4093,4043,,,508
created_cliente,4038,,,,,509
created_empresa_cliente,,,4044,,,509
inserted_endereco,,4094,4044,,,509
created_cliente,4039,,,,,510
created_empresa_cliente,,,4045,,,510
inserted_endereco,,4095,4045,,,510
created_cliente,4040,,,,,511
created_empresa_cliente,,,4046,,,511
inserted_endereco,,4096,4046,,,511
created_cliente,4041,,,,,512
created_empresa_cliente,,,4047,,,512
inserted_endereco,,4097,4047,,,512
created_cliente,4042,,,,,513
created_empresa_cliente,,,4048,,,513
inserted_endereco,,4098,4048,,,513
created_cliente,4043,,,,,514
created_empresa_cliente,,,4049,,,514
inserted_endereco,,4099,4049,,,514
created_cliente,4044,,,,,515
created_empresa_cliente,,,4050,,,515
inserted_endereco,,4100,4050,,,515
created_cliente,4045,,,,,516
created_empresa_cliente,,,4051,,,516
inserted_endereco,,4101,4051,,,516
created_cliente,4046,,,,,517
created_empresa_cliente,,,4052,,,517
inserted_endereco,,4102,4052,,,517
created_cliente,4047,,,,,518
created_empresa_cliente,,,4053,,,518
inserted_endereco,,4103,4053,,,518
created_cliente,4048,,,,,519
created_empresa_cliente,,,4054,,,519
inserted_endereco,,4104,4054,,,519
created_cliente,4049,,,,,520
created_empresa_cliente,,,4055,,,520
inserted_endereco,,4105,4055,,,520
created_cliente,4050,,,,,521
created_empresa_cliente,,,4056,,,521
inserted_endereco,,4106,4056,,,521
created_cliente,4051,,,,,522
created_empresa_cliente,,,4057,,,522
inserted_endereco,,4107,4057,,,522
created_cliente,4052,,,,,523
created_empresa_cliente,,,4058,,,523
inserted_endereco,,4108,4058,,,523
created_cliente,4053,,,,,524
created_empresa_cliente,,,4059,,,524
inserted_endereco,,4109,4059,,,524
created_cliente,4054,,,,,525
created_empresa_cliente,,,4060,,,525
inserted_endereco,,4110,4060,,,525
created_cliente,4055,,,,,526
created_empresa_cliente,,,4061,,,526
inserted_endereco,,4111,4061,,,526
created_cliente,4056,,,,,527
created_empresa_cliente,,,4062,,,527
inserted_endereco,,4112,4062,,,527
created_cliente,4057,,,,,528
created_empresa_cliente,,,4063,,,528
inserted_endereco,,4113,4063,,,528
created_cliente,4058,,,,,529
created_empresa_cliente,,,4064,,,529
inserted_endereco,,4114,4064,,,529
created_cliente,4059,,,,,530
created_empresa_cliente,,,4065,,,530
inserted_endereco,,4115,4065,,,530
inserted_endereco,,4116,4065,,,531
created_cliente,4060,,,,,532
created_empresa_cliente,,,4066,,,532
inserted_endereco,,4117,4066,,,532
created_cliente,4061,,,,,533
created_empresa_cliente,,,4067,,,533
inserted_endereco,,4118,4067,,,533
created_cliente,4062,,,,,534
created_empresa_cliente,,,4068,,,534
inserted_endereco,,4119,4068,,,534
created_cliente,4063,,,,,535
created_empresa_cliente,,,4069,,,535
inserted_endereco,,4120,4069,,,535
created_cliente,4064,,,,,536
created_empresa_cliente,,,4070,,,536
inserted_endereco,,4121,4070,,,536
created_cliente,4065,,,,,537
created_empresa_cliente,,,4071,,,537
inserted_endereco,,4122,4071,,,537
created_cliente,4066,,,,,538
created_empresa_cliente,,,4072,,,538
inserted_endereco,,4123,4072,,,538
created_cliente,4067,,,,,539
created_empresa_cliente,,,4073,,,539
inserted_endereco,,4124,4073,,,539
created_cliente,4068,,,,,540
created_empresa_cliente,,,4074,,,540
inserted_endereco,,4125,4074,,,540
inserted_endereco,,4126,3608,,,541
created_cliente,4069,,,,,542
created_empresa_cliente,,,4075,,,542
inserted_endereco,,4127,4075,,,542
created_cliente,4070,,,,,543
created_empresa_cliente,,,4076,,,543
inserted_endereco,,4128,4076,,,543
inserted_endereco,,4129,4076,,,544
created_cliente,4071,,,,,545
created_empresa_cliente,,,4077,,,545
inserted_endereco,,4130,4077,,,545
created_cliente,4072,,,,,546
created_empresa_cliente,,,4078,,,546
inserted_endereco,,4131,4078,,,546
created_cliente,4073,,,,,547
created_empresa_cliente,,,4079,,,547
inserted_endereco,,4132,4079,,,547
created_cliente,4074,,,,,548
created_empresa_cliente,,,4080,,,548
inserted_endereco,,4133,4080,,,548
inserted_endereco,,4134,4080,,,549
created_cliente,4075,,,,,550
created_empresa_cliente,,,4081,,,550
inserted_endereco,,4135,4081,,,550
created_cliente,4076,,,,,551
created_empresa_cliente,,,4082,,,551
inserted_endereco,,4136,4082,,,551
created_cliente,4077,,,,,552
created_empresa_cliente,,,4083,,,552
inserted_endereco,,4137,4083,,,552
created_cliente,4078,,,,,553
created_empresa_cliente,,,4084,,,553
inserted_endereco,,4138,4084,,,553
created_cliente,4079,,,,,554
created_empresa_cliente,,,4085,,,554
inserted_endereco,,4139,4085,,,554
inserted_endereco,,4140,4085,,,555
created_cliente,4080,,,,,556
created_empresa_cliente,,,4086,,,556
inserted_endereco,,4141,4086,,,556
created_cliente,4081,,,,,557
created_empresa_cliente,,,4087,,,557
inserted_endereco,,4142,4087,,,557
created_cliente,4082,,,,,558
created_empresa_cliente,,,4088,,,558
inserted_endereco,,4143,4088,,,558
created_cliente,4083,,,,,559
created_empresa_cliente,,,4089,,,559
inserted_endereco,,4144,4089,,,559
created_cliente,4084,,,,,560
created_empresa_cliente,,,4090,,,560
inserted_endereco,,4145,4090,,,560
created_cliente,4085,,,,,561
created_empresa_cliente,,,4091,,,561
inserted_endereco,,4146,4091,,,561
created_cliente,4086,,,,,562
created_empresa_cliente,,,4092,,,562
inserted_endereco,,4147,4092,,,562
created_cliente,4087,,,,,563
created_empresa_cliente,,,4093,,,563
inserted_endereco,,4148,4093,,,563
created_cliente,4088,,,,,564
created_empresa_cliente,,,4094,,,564
inserted_endereco,,4149,4094,,,564
created_cliente,4089,,,,,565
created_empresa_cliente,,,4095,,,565
inserted_endereco,,4150,4095,,,565
created_cliente,4090,,,,,566
created_empresa_cliente,,,4096,,,566
inserted_endereco,,4151,4096,,,566
created_cliente,4091,,,,,567
created_empresa_cliente,,,4097,,,567
inserted_endereco,,4152,4097,,,567
created_cliente,4092,,,,,568
created_empresa_cliente,,,4098,,,568
inserted_endereco,,4153,4098,,,568
created_cliente,4093,,,,,569
created_empresa_cliente,,,4099,,,569
inserted_endereco,,4154,4099,,,569
created_cliente,4094,,,,,570
created_empresa_cliente,,,4100,,,570
inserted_endereco,,4155,4100,,,570
created_cliente,4095,,,,,571
created_empresa_cliente,,,4101,,,571
inserted_endereco,,4156,4101,,,571
created_cliente,4096,,,,,572
created_empresa_cliente,,,4102,,,572
inserted_endereco,,4157,4102,,,572
created_cliente,4097,,,,,573
created_empresa_cliente,,,4103,,,573
inserted_endereco,,4158,4103,,,573
inserted_endereco,,4159,4103,,,574
created_cliente,4098,,,,,575
created_empresa_cliente,,,4104,,,575
inserted_endereco,,4160,4104,,,575
created_cliente,4099,,,,,576
created_empresa_cliente,,,4105,,,576
inserted_endereco,,4161,4105,,,576
created_cliente,4100,,,,,577
created_empresa_cliente,,,4106,,,577
inserted_endereco,,4162,4106,,,577
created_cliente,4101,,,,,578
created_empresa_cliente,,,4107,,,578
inserted_endereco,,4163,4107,,,578
created_cliente,4102,,,,,579
created_empresa_cliente,,,4108,,,579
inserted_endereco,,4164,4108,,,579
created_cliente,4103,,,,,580
created_empresa_cliente,,,4109,,,580
inserted_endereco,,4165,4109,,,580
created_cliente,4104,,,,,581
created_empresa_cliente,,,4110,,,581
inserted_endereco,,4166,4110,,,581
created_cliente,4105,,,,,582
created_empresa_cliente,,,4111,,,582
inserted_endereco,,4167,4111,,,582
inserted_endereco,,4168,3585,,,583
created_cliente,4106,,,,,584
created_empresa_cliente,,,4112,,,584
inserted_endereco,,4169,4112,,,584
created_cliente,4107,,,,,585
created_empresa_cliente,,,4113,,,585
inserted_endereco,,4170,4113,,,585
inserted_endereco,,4171,4113,,,586
created_cliente,4108,,,,,587
created_empresa_cliente,,,4114,,,587
inserted_endereco,,4172,4114,,,587
created_cliente,4109,,,,,588
created_empresa_cliente,,,4115,,,588
inserted_endereco,,4173,4115,,,588
created_cliente,4110,,,,,589
created_empresa_cliente,,,4116,,,589
inserted_endereco,,4174,4116,,,589
created_cliente,4111,,,,,590
created_empresa_cliente,,,4117,,,590
inserted_endereco,,4175,4117,,,590
inserted_endereco,,4176,4117,,,591
created_cliente,4112,,,,,592
created_empresa_cliente,,,4118,,,592
inserted_endereco,,4177,4118,,,592
created_cliente,4113,,,,,593
created_empresa_cliente,,,4119,,,593
inserted_endereco,,4178,4119,,,593
created_cliente,4114,,,,,594
created_empresa_cliente,,,4120,,,594
inserted_endereco,,4179,4120,,,594
created_cliente,4115,,,,,595
created_empresa_cliente,,,4121,,,595
inserted_endereco,,4180,4121,,,595
created_cliente,4116,,,,,596
created_empresa_cliente,,,4122,,,596
inserted_endereco,,4181,4122,,,596
created_cliente,4117,,,,,597
created_empresa_cliente,,,4123,,,597
inserted_endereco,,4182,4123,,,597
created_cliente,4118,,,,,598
created_empresa_cliente,,,4124,,,598
inserted_endereco,,4183,4124,,,598
created_cliente,4119,,,,,599
created_empresa_cliente,,,4125,,,599
inserted_endereco,,4184,4125,,,599
created_cliente,4120,,,,,600
created_empresa_cliente,,,4126,,,600
inserted_endereco,,4185,4126,,,600
created_cliente,4121,,,,,601
created_empresa_cliente,,,4127,,,601
inserted_endereco,,4186,4127,,,601
created_cliente,4122,,,,,602
created_empresa_cliente,,,4128,,,602
inserted_endereco,,4187,4128,,,602
created_cliente,4123,,,,,603
created_empresa_cliente,,,4129,,,603
inserted_endereco,,4188,4129,,,603
created_cliente,4124,,,,,604
created_empresa_cliente,,,4130,,,604
inserted_endereco,,4189,4130,,,604
created_cliente,4125,,,,,605
created_empresa_cliente,,,4131,,,605
inserted_endereco,,4190,4131,,,605
created_cliente,4126,,,,,606
created_empresa_cliente,,,4132,,,606
inserted_endereco,,4191,4132,,,606
created_cliente,4127,,,,,607
created_empresa_cliente,,,4133,,,607
inserted_endereco,,4192,4133,,,607
created_cliente,4128,,,,,608
created_empresa_cliente,,,4134,,,608
inserted_endereco,,4193,4134,,,608
created_cliente,4129,,,,,609
created_empresa_cliente,,,4135,,,609
inserted_endereco,,4194,4135,,,609
created_cliente,4130,,,,,610
created_empresa_cliente,,,4136,,,610
inserted_endereco,,4195,4136,,,610
created_cliente,4131,,,,,611
created_empresa_cliente,,,4137,,,611
inserted_endereco,,4196,4137,,,611
created_cliente,4132,,,,,612
created_empresa_cliente,,,4138,,,612
inserted_endereco,,4197,4138,,,612
created_cliente,4133,,,,,613
created_empresa_cliente,,,4139,,,613
inserted_endereco,,4198,4139,,,613
created_cliente,4134,,,,,614
created_empresa_cliente,,,4140,,,614
inserted_endereco,,4199,4140,,,614
created_cliente,4135,,,,,615
created_empresa_cliente,,,4141,,,615
inserted_endereco,,4200,4141,,,615
created_cliente,4136,,,,,616
created_empresa_cliente,,,4142,,,616
inserted_endereco,,4201,4142,,,616
created_cliente,4137,,,,,617
created_empresa_cliente,,,4143,,,617
inserted_endereco,,4202,4143,,,617
inserted_endereco,,4203,4143,,,618
created_cliente,4138,,,,,619
created_empresa_cliente,,,4144,,,619
inserted_endereco,,4204,4144,,,619
created_cliente,4139,,,,,620
created_empresa_cliente,,,4145,,,620
inserted_endereco,,4205,4145,,,620
inserted_endereco,,4206,3609,,,621
created_cliente,4140,,,,,622
created_empresa_cliente,,,4146,,,622
inserted_endereco,,4207,4146,,,622
created_cliente,4141,,,,,623
created_empresa_cliente,,,4147,,,623
inserted_endereco,,4208,4147,,,623
created_cliente,4142,,,,,624
created_empresa_cliente,,,4148,,,624
inserted_endereco,,4209,4148,,,624
created_cliente,4143,,,,,625
created_empresa_cliente,,,4149,,,625
inserted_endereco,,4210,4149,,,625
created_cliente,4144,,,,,626
created_empresa_cliente,,,4150,,,626
inserted_endereco,,4211,4150,,,626
created_cliente,4145,,,,,627
created_empresa_cliente,,,4151,,,627
inserted_endereco,,4212,4151,,,627
created_cliente,4146,,,,,628
created_empresa_cliente,,,4152,,,628
inserted_endereco,,4213,4152,,,628
inserted_endereco,,4214,4152,,,629
created_cliente,4147,,,,,630
created_empresa_cliente,,,4153,,,630
inserted_endereco,,4215,4153,,,630
created_cliente,4148,,,,,631
created_empresa_cliente,,,4154,,,631
inserted_endereco,,4216,4154,,,631
created_empresa_cliente,,,4155,,,632
inserted_endereco,,4217,4155,,,632
created_cliente,4149,,,,,633
created_empresa_cliente,,,4156,,,633
inserted_endereco,,4218,4156,,,633
created_cliente,4150,,,,,634
created_empresa_cliente,,,4157,,,634
inserted_endereco,,4219,4157,,,634
created_cliente,4151,,,,,635
created_empresa_cliente,,,4158,,,635
inserted_endereco,,4220,4158,,,635
created_cliente,4152,,,,,636
created_empresa_cliente,,,4159,,,636
inserted_endereco,,4221,4159,,,636
created_cliente,4153,,,,,637
created_empresa_cliente,,,4160,,,637
inserted_endereco,,4222,4160,,,637
created_cliente,4154,,,,,638
created_empresa_cliente,,,4161,,,638
inserted_endereco,,4223,4161,,,638
created_cliente,4155,,,,,639
created_empresa_cliente,,,4162,,,639
inserted_endereco,,4224,4162,,,639
inserted_endereco,,4225,4162,,,640
created_cliente,4156,,,,,641
created_empresa_cliente,,,4163,,,641
inserted_endereco,,4226,4163,,,641
inserted_endereco,,4227,4089,,,642
created_cliente,4157,,,,,643
created_empresa_cliente,,,4164,,,643
inserted_endereco,,4228,4164,,,643
created_cliente,4158,,,,,644
created_empresa_cliente,,,4165,,,644
inserted_endereco,,4229,4165,,,644
created_cliente,4159,,,,,645
created_empresa_cliente,,,4166,,,645
inserted_endereco,,4230,4166,,,645
created_cliente,4160,,,,,646
created_empresa_cliente,,,4167,,,646
inserted_endereco,,4231,4167,,,646
created_cliente,4161,,,,,647
created_empresa_cliente,,,4168,,,647
inserted_endereco,,4232,4168,,,647
inserted_endereco,,4233,4168,,,648
created_cliente,4162,,,,,649
created_empresa_cliente,,,4169,,,649
inserted_endereco,,4234,4169,,,649
created_cliente,4163,,,,,650
created_empresa_cliente,,,4170,,,650
inserted_endereco,,4235,4170,,,650
created_cliente,4164,,,,,651
created_empresa_cliente,,,4171,,,651
inserted_endereco,,4236,4171,,,651
created_cliente,4165,,,,,652
created_empresa_cliente,,,4172,,,652
inserted_endereco,,4237,4172,,,652
created_cliente,4166,,,,,653
created_empresa_cliente,,,4173,,,653
inserted_endereco,,4238,4173,,,653
created_cliente,4167,,,,,654
created_empresa_cliente,,,4174,,,654
inserted_endereco,,4239,4174,,,654
created_cliente,4168,,,,,655
created_empresa_cliente,,,4175,,,655
inserted_endereco,,4240,4175,,,655
created_cliente,4169,,,,,656
created_empresa_cliente,,,4176,,,656
inserted_endereco,,4241,4176,,,656
inserted_endereco,,4242,4176,,,657
created_cliente,4170,,,,,658
created_empresa_cliente,,,4177,,,658
inserted_endereco,,4243,4177,,,658
created_cliente,4171,,,,,659
created_empresa_cliente,,,4178,,,659
inserted_endereco,,4244,4178,,,659
created_cliente,4172,,,,,660
created_empresa_cliente,,,4179,,,660
inserted_endereco,,4245,4179,,,660
created_cliente,4173,,,,,661
created_empresa_cliente,,,4180,,,661
inserted_endereco,,4246,4180,,,661
created_cliente,4174,,,,,662
created_empresa_cliente,,,4181,,,662
inserted_endereco,,4247,4181,,,662
created_cliente,4175,,,,,663
created_empresa_cliente,,,4182,,,663
inserted_endereco,,4248,4182,,,663
created_cliente,4176,,,,,664
created_empresa_cliente,,,4183,,,664
inserted_endereco,,4249,4183,,,664
inserted_endereco,,4250,4183,,,665
inserted_endereco,,4251,4183,,,666
created_cliente,4177,,,,,667
created_empresa_cliente,,,4184,,,667
inserted_endereco,,4252,4184,,,667
created_cliente,4178,,,,,668
created_empresa_cliente,,,4185,,,668
inserted_endereco,,4253,4185,,,668
inserted_endereco,,4254,4185,,,669
created_cliente,4179,,,,,670
created_empresa_cliente,,,4186,,,670
inserted_endereco,,4255,4186,,,670
created_cliente,4180,,,,,671
created_empresa_cliente,,,4187,,,671
inserted_endereco,,4256,4187,,,671
created_cliente,4181,,,,,672
created_empresa_cliente,,,4188,,,672
inserted_endereco,,4257,4188,,,672
created_cliente,4182,,,,,673
created_empresa_cliente,,,4189,,,673
inserted_endereco,,4258,4189,,,673
created_cliente,4183,,,,,674
created_empresa_cliente,,,4190,,,674
inserted_endereco,,4259,4190,,,674
created_cliente,4184,,,,,675
created_empresa_cliente,,,4191,,,675
inserted_endereco,,4260,4191,,,675
created_cliente,4185,,,,,676
created_empresa_cliente,,,4192,,,676
inserted_endereco,,4261,4192,,,676
created_cliente,4186,,,,,677
created_empresa_cliente,,,4193,,,677
inserted_endereco,,4262,4193,,,677
created_cliente,4187,,,,,678
created_empresa_cliente,,,4194,,,678
inserted_endereco,,4263,4194,,,678
created_cliente,4188,,,,,679
created_empresa_cliente,,,4195,,,679
inserted_endereco,,4264,4195,,,679
created_cliente,4189,,,,,680
created_empresa_cliente,,,4196,,,680
inserted_endereco,,4265,4196,,,680
created_cliente,4190,,,,,681
created_empresa_cliente,,,4197,,,681
inserted_endereco,,4266,4197,,,681
created_cliente,4191,,,,,682
created_empresa_cliente,,,4198,,,682
inserted_endereco,,4267,4198,,,682
created_cliente,4192,,,,,683
created_empresa_cliente,,,4199,,,683
inserted_endereco,,4268,4199,,,683
created_cliente,4193,,,,,684
created_empresa_cliente,,,4200,,,684
inserted_endereco,,4269,4200,,,684
created_cliente,4194,,,,,685
created_empresa_cliente,,,4201,,,685
inserted_endereco,,4270,4201,,,685
created_cliente,4195,,,,,686
created_empresa_cliente,,,4202,,,686
inserted_endereco,,4271,4202,,,686
created_cliente,4196,,,,,687
created_empresa_cliente,,,4203,,,687
inserted_endereco,,4272,4203,,,687
created_cliente,4197,,,,,688
created_empresa_cliente,,,4204,,,688
inserted_endereco,,4273,4204,,,688
created_cliente,4198,,,,,689
created_empresa_cliente,,,4205,,,689
inserted_endereco,,4274,4205,,,689
created_cliente,4199,,,,,690
created_empresa_cliente,,,4206,,,690
inserted_endereco,,4275,4206,,,690
created_cliente,4200,,,,,691
created_empresa_cliente,,,4207,,,691
inserted_endereco,,4276,4207,,,691
created_cliente,4201,,,,,692
created_empresa_cliente,,,4208,,,692
inserted_endereco,,4277,4208,,,692
created_cliente,4202,,,,,693
created_empresa_cliente,,,4209,,,693
inserted_endereco,,4278,4209,,,693
created_cliente,4203,,,,,694
created_empresa_cliente,,,4210,,,694
inserted_endereco,,4279,4210,,,694
created_cliente,4204,,,,,695
created_empresa_cliente,,,4211,,,695
inserted_endereco,,4280,4211,,,695
created_cliente,4205,,,,,696
created_empresa_cliente,,,4212,,,696
inserted_endereco,,4281,4212,,,696
created_cliente,4206,,,,,697
created_empresa_cliente,,,4213,,,697
inserted_endereco,,4282,4213,,,697
created_cliente,4207,,,,,698
created_empresa_cliente,,,4214,,,698
inserted_endereco,,4283,4214,,,698
created_cliente,4208,,,,,699
created_empresa_cliente,,,4215,,,699
inserted_endereco,,4284,4215,,,699
created_cliente,4209,,,,,700
created_empresa_cliente,,,4216,,,700
inserted_endereco,,4285,4216,,,700
created_cliente,4210,,,,,701
created_empresa_cliente,,,4217,,,701
inserted_endereco,,4286,4217,,,701
created_cliente,4211,,,,,702
created_empresa_cliente,,,4218,,,702
inserted_endereco,,4287,4218,,,702
created_cliente,4212,,,,,703
created_empresa_cliente,,,4219,,,703
inserted_endereco,,4288,4219,,,703
created_cliente,4213,,,,,704
created_empresa_cliente,,,4220,,,704
inserted_endereco,,4289,4220,,,704
created_cliente,4214,,,,,705
created_empresa_cliente,,,4221,,,705
inserted_endereco,,4290,4221,,,705
created_cliente,4215,,,,,706
created_empresa_cliente,,,4222,,,706
inserted_endereco,,4291,4222,,,706
created_cliente,4216,,,,,707
created_empresa_cliente,,,4223,,,707
inserted_endereco,,4292,4223,,,707
inserted_endereco,,4293,4223,,,708
created_cliente,4217,,,,,709
created_empresa_cliente,,,4224,,,709
inserted_endereco,,4294,4224,,,709
created_cliente,4218,,,,,710
created_empresa_cliente,,,4225,,,710
inserted_endereco,,4295,4225,,,710
created_cliente,4219,,,,,711
created_empresa_cliente,,,4226,,,711
inserted_endereco,,4296,4226,,,711
created_cliente,4220,,,,,712
created_empresa_cliente,,,4227,,,712
inserted_endereco,,4297,4227,,,712
created_cliente,4221,,,,,713
created_empresa_cliente,,,4228,,,713
inserted_endereco,,4298,4228,,,713
created_cliente,4222,,,,,714
created_empresa_cliente,,,4229,,,714
inserted_endereco,,4299,4229,,,714
created_cliente,4223,,,,,715
created_empresa_cliente,,,4230,,,715
inserted_endereco,,4300,4230,,,715
created_cliente,4224,,,,,716
created_empresa_cliente,,,4231,,,716
inserted_endereco,,4301,4231,,,716
created_cliente,4225,,,,,717
created_empresa_cliente,,,4232,,,717
inserted_endereco,,4302,4232,,,717
created_cliente,4226,,,,,718
created_empresa_cliente,,,4233,,,718
inserted_endereco,,4303,4233,,,718
created_cliente,4227,,,,,719
created_empresa_cliente,,,4234,,,719
inserted_endereco,,4304,4234,,,719
created_cliente,4228,,,,,720
created_empresa_cliente,,,4235,,,720
inserted_endereco,,4305,4235,,,720
created_cliente,4229,,,,,721
created_empresa_cliente,,,4236,,,721
inserted_endereco,,4306,4236,,,721
created_cliente,4230,,,,,722
created_empresa_cliente,,,4237,,,722
inserted_endereco,,4307,4237,,,722
created_cliente,4231,,,,,723
created_empresa_cliente,,,4238,,,723
inserted_endereco,,4308,4238,,,723
created_cliente,4232,,,,,724
created_empresa_cliente,,,4239,,,724
inserted_endereco,,4309,4239,,,724
created_cliente,4233,,,,,725
created_empresa_cliente,,,4240,,,725
inserted_endereco,,4310,4240,,,725
created_cliente,4234,,,,,726
created_empresa_cliente,,,4241,,,726
inserted_endereco,,4311,4241,,,726
created_cliente,4235,,,,,727
created_empresa_cliente,,,4242,,,727
inserted_endereco,,4312,4242,,,727
created_cliente,4236,,,,,728
created_empresa_cliente,,,4243,,,728
inserted_endereco,,4313,4243,,,728
created_cliente,4237,,,,,729
created_empresa_cliente,,,4244,,,729
inserted_endereco,,4314,4244,,,729
created_cliente,4238,,,,,730
created_empresa_cliente,,,4245,,,730
inserted_endereco,,4315,4245,,,730
created_cliente,4239,,,,,731
created_empresa_cliente,,,4246,,,731
inserted_endereco,,4316,4246,,,731
created_cliente,4240,,,,,732
created_empresa_cliente,,,4247,,,732
inserted_endereco,,4317,4247,,,732
created_cliente,4241,,,,,733
created_empresa_cliente,,,4248,,,733
inserted_endereco,,4318,4248,,,733
created_cliente,4242,,,,,734
created_empresa_cliente,,,4249,,,734
inserted_endereco,,4319,4249,,,734
created_cliente,4243,,,,,735
created_empresa_cliente,,,4250,,,735
inserted_endereco,,4320,4250,,,735
created_cliente,4244,,,,,736
created_empresa_cliente,,,4251,,,736
inserted_endereco,,4321,4251,,,736
created_cliente,4245,,,,,737
created_empresa_cliente,,,4252,,,737
inserted_endereco,,4322,4252,,,737
created_cliente,4246,,,,,738
created_empresa_cliente,,,4253,,,738
inserted_endereco,,4323,4253,,,738
created_cliente,4247,,,,,739
created_empresa_cliente,,,4254,,,739
inserted_endereco,,4324,4254,,,739
created_cliente,4248,,,,,740
created_empresa_cliente,,,4255,,,740
inserted_endereco,,4325,4255,,,740
created_cliente,4249,,,,,741
created_empresa_cliente,,,4256,,,741
inserted_endereco,,4326,4256,,,741
created_cliente,4250,,,,,742
created_empresa_cliente,,,4257,,,742
inserted_endereco,,4327,4257,,,742
created_cliente,4251,,,,,743
created_empresa_cliente,,,4258,,,743
inserted_endereco,,4328,4258,,,743
created_cliente,4252,,,,,744
created_empresa_cliente,,,4259,,,744
inserted_endereco,,4329,4259,,,744
created_cliente,4253,,,,,745
created_empresa_cliente,,,4260,,,745
inserted_endereco,,4330,4260,,,745
created_cliente,4254,,,,,746
created_empresa_cliente,,,4261,,,746
inserted_endereco,,4331,4261,,,746
created_cliente,4255,,,,,747
created_empresa_cliente,,,4262,,,747
inserted_endereco,,4332,4262,,,747
created_cliente,4256,,,,,748
created_empresa_cliente,,,4263,,,748
inserted_endereco,,4333,4263,,,748
created_cliente,4257,,,,,749
created_empresa_cliente,,,4264,,,749
inserted_endereco,,4334,4264,,,749
created_cliente,4258,,,,,750
created_empresa_cliente,,,4265,,,750
inserted_endereco,,4335,4265,,,750
created_cliente,4259,,,,,751
created_empresa_cliente,,,4266,,,751
inserted_endereco,,4336,4266,,,751
created_cliente,4260,,,,,752
created_empresa_cliente,,,4267,,,752
inserted_endereco,,4337,4267,,,752
created_cliente,4261,,,,,753
created_empresa_cliente,,,4268,,,753
inserted_endereco,,4338,4268,,,753
created_cliente,4262,,,,,754
created_empresa_cliente,,,4269,,,754
inserted_endereco,,4339,4269,,,754
created_cliente,4263,,,,,755
created_empresa_cliente,,,4270,,,755
inserted_endereco,,4340,4270,,,755
created_cliente,4264,,,,,756
created_empresa_cliente,,,4271,,,756
inserted_endereco,,4341,4271,,,756
created_cliente,4265,,,,,757
created_empresa_cliente,,,4272,,,757
inserted_endereco,,4342,4272,,,757
created_cliente,4266,,,,,758
created_empresa_cliente,,,4273,,,758
inserted_endereco,,4343,4273,,,758
created_cliente,4267,,,,,759
created_empresa_cliente,,,4274,,,759
inserted_endereco,,4344,4274,,,759
inserted_endereco,,4345,3585,,,760
created_cliente,4268,,,,,761
created_empresa_cliente,,,4275,,,761
inserted_endereco,,4346,4275,,,761
created_cliente,4269,,,,,762
created_empresa_cliente,,,4276,,,762
inserted_endereco,,4347,4276,,,762
created_cliente,4270,,,,,763
created_empresa_cliente,,,4277,,,763
inserted_endereco,,4348,4277,,,763
inserted_endereco,,4349,4277,,,764
created_cliente,4271,,,,,765
created_empresa_cliente,,,4278,,,765
inserted_endereco,,4350,4278,,,765
created_cliente,4272,,,,,766
created_empresa_cliente,,,4279,,,766
inserted_endereco,,4351,4279,,,766
created_cliente,4273,,,,,767
created_empresa_cliente,,,4280,,,767
inserted_endereco,,4352,4280,,,767
created_cliente,4274,,,,,768
created_empresa_cliente,,,4281,,,768
inserted_endereco,,4353,4281,,,768
created_empresa_cliente,,,4282,,,769
inserted_endereco,,4354,4282,,,769
created_cliente,4275,,,,,770
created_empresa_cliente,,,4283,,,770
inserted_endereco,,4355,4283,,,770
created_cliente,4276,,,,,771
created_empresa_cliente,,,4284,,,771
inserted_endereco,,4356,4284,,,771
created_cliente,4277,,,,,772
created_empresa_cliente,,,4285,,,772
inserted_endereco,,4357,4285,,,772
created_cliente,4278,,,,,773
created_empresa_cliente,,,4286,,,773
inserted_endereco,,4358,4286,,,773
created_cliente,4279,,,,,774
created_empresa_cliente,,,4287,,,774
inserted_endereco,,4359,4287,,,774
created_cliente,4280,,,,,775
created_empresa_cliente,,,4288,,,775
inserted_endereco,,4360,4288,,,775
created_cliente,4281,,,,,776
created_empresa_cliente,,,4289,,,776
inserted_endereco,,4361,4289,,,776
created_cliente,4282,,,,,777
created_empresa_cliente,,,4290,,,777
inserted_endereco,,4362,4290,,,777
created_cliente,4283,,,,,778
created_empresa_cliente,,,4291,,,778
inserted_endereco,,4363,4291,,,778
created_cliente,4284,,,,,779
created_empresa_cliente,,,4292,,,779
inserted_endereco,,4364,4292,,,779
created_cliente,4285,,,,,780
created_empresa_cliente,,,4293,,,780
inserted_endereco,,4365,4293,,,780
created_cliente,4286,,,,,781
created_empresa_cliente,,,4294,,,781
inserted_endereco,,4366,4294,,,781
created_cliente,4287,,,,,782
created_empresa_cliente,,,4295,,,782
inserted_endereco,,4367,4295,,,782
created_cliente,4288,,,,,783
created_empresa_cliente,,,4296,,,783
inserted_endereco,,4368,4296,,,783
created_cliente,4289,,,,,784
created_empresa_cliente,,,4297,,,784
inserted_endereco,,4369,4297,,,784
created_cliente,4290,,,,,785
created_empresa_cliente,,,4298,,,785
inserted_endereco,,4370,4298,,,785
created_cliente,4291,,,,,786
created_empresa_cliente,,,4299,,,786
inserted_endereco,,4371,4299,,,786
inserted_endereco,,4372,4299,,,787
created_cliente,4292,,,,,788
created_empresa_cliente,,,4300,,,788
inserted_endereco,,4373,4300,,,788
created_cliente,4293,,,,,789
created_empresa_cliente,,,4301,,,789
inserted_endereco,,4374,4301,,,789
created_cliente,4294,,,,,790
created_empresa_cliente,,,4302,,,790
inserted_endereco,,4375,4302,,,790
inserted_endereco,,4376,4302,,,791
created_cliente,4295,,,,,792
created_empresa_cliente,,,4303,,,792
inserted_endereco,,4377,4303,,,792
created_cliente,4296,,,,,793
created_empresa_cliente,,,4304,,,793
inserted_endereco,,4378,4304,,,793
created_cliente,4297,,,,,794
created_empresa_cliente,,,4305,,,794
inserted_endereco,,4379,4305,,,794
inserted_endereco,,4380,4305,,,795
created_cliente,4298,,,,,796
created_empresa_cliente,,,4306,,,796
inserted_endereco,,4381,4306,,,796
created_cliente,4299,,,,,797
created_empresa_cliente,,,4307,,,797
inserted_endereco,,4382,4307,,,797
created_cliente,4300,,,,,798
created_empresa_cliente,,,4308,,,798
inserted_endereco,,4383,4308,,,798
created_cliente,4301,,,,,799
created_empresa_cliente,,,4309,,,799
inserted_endereco,,4384,4309,,,799
created_cliente,4302,,,,,800
created_empresa_cliente,,,4310,,,800
inserted_endereco,,4385,4310,,,800
created_cliente,4303,,,,,801
created_empresa_cliente,,,4311,,,801
inserted_endereco,,4386,4311,,,801
created_cliente,4304,,,,,802
created_empresa_cliente,,,4312,,,802
inserted_endereco,,4387,4312,,,802
created_cliente,4305,,,,,803
created_empresa_cliente,,,4313,,,803
inserted_endereco,,4388,4313,,,803
created_cliente,4306,,,,,804
created_empresa_cliente,,,4314,,,804
inserted_endereco,,4389,4314,,,804
created_cliente,4307,,,,,805
created_empresa_cliente,,,4315,,,805
inserted_endereco,,4390,4315,,,805
created_cliente,4308,,,,,806
created_empresa_cliente,,,4316,,,806
inserted_endereco,,4391,4316,,,806
created_cliente,4309,,,,,807
created_empresa_cliente,,,4317,,,807
inserted_endereco,,4392,4317,,,807
inserted_endereco,,4393,4317,,,808
inserted_endereco,,4394,4317,,,809
created_cliente,4310,,,,,810
created_empresa_cliente,,,4318,,,810
inserted_endereco,,4395,4318,,,810
created_cliente,4311,,,,,811
created_empresa_cliente,,,4319,,,811
inserted_endereco,,4396,4319,,,811
created_cliente,4312,,,,,812
created_empresa_cliente,,,4320,,,812
inserted_endereco,,4397,4320,,,812
created_cliente,4313,,,,,813
created_empresa_cliente,,,4321,,,813
inserted_endereco,,4398,4321,,,813
created_cliente,4314,,,,,814
created_empresa_cliente,,,4322,,,814
inserted_endereco,,4399,4322,,,814
created_cliente,4315,,,,,815
created_empresa_cliente,,,4323,,,815
inserted_endereco,,4400,4323,,,815
inserted_endereco,,4401,4323,,,816
created_cliente,4316,,,,,817
created_empresa_cliente,,,4324,,,817
inserted_endereco,,4402,4324,,,817
created_cliente,4317,,,,,818
created_empresa_cliente,,,4325,,,818
inserted_endereco,,4403,4325,,,818
created_cliente,4318,,,,,819
created_empresa_cliente,,,4326,,,819
inserted_endereco,,4404,4326,,,819
created_cliente,4319,,,,,820
created_empresa_cliente,,,4327,,,820
inserted_endereco,,4405,4327,,,820
created_cliente,4320,,,,,821
created_empresa_cliente,,,4328,,,821
inserted_endereco,,4406,4328,,,821
created_cliente,4321,,,,,822
created_empresa_cliente,,,4329,,,822
inserted_endereco,,4407,4329,,,822
created_cliente,4322,,,,,823
created_empresa_cliente,,,4330,,,823
inserted_endereco,,4408,4330,,,823
created_cliente,4323,,,,,824
created_empresa_cliente,,,4331,,,824
inserted_endereco,,4409,4331,,,824
created_cliente,4324,,,,,825
created_empresa_cliente,,,4332,,,825
inserted_endereco,,4410,4332,,,825
created_cliente,4325,,,,,826
created_empresa_cliente,,,4333,,,826
inserted_endereco,,4411,4333,,,826
created_cliente,4326,,,,,827
created_empresa_cliente,,,4334,,,827
inserted_endereco,,4412,4334,,,827
created_cliente,4327,,,,,828
created_empresa_cliente,,,4335,,,828
inserted_endereco,,4413,4335,,,828
created_cliente,4328,,,,,829
created_empresa_cliente,,,4336,,,829
inserted_endereco,,4414,4336,,,829
inserted_endereco,,4415,4336,,,830
created_cliente,4329,,,,,831
created_empresa_cliente,,,4337,,,831
inserted_endereco,,4416,4337,,,831
inserted_endereco,,4417,4337,,,832
created_cliente,4330,,,,,833
created_empresa_cliente,,,4338,,,833
inserted_endereco,,4418,4338,,,833
created_cliente,4331,,,,,834
created_empresa_cliente,,,4339,,,834
inserted_endereco,,4419,4339,,,834
created_cliente,4332,,,,,835
created_empresa_cliente,,,4340,,,835
inserted_endereco,,4420,4340,,,835
created_cliente,4333,,,,,836
created_empresa_cliente,,,4341,,,836
inserted_endereco,,4421,4341,,,836
created_cliente,4334,,,,,837
created_empresa_cliente,,,4342,,,837
inserted_endereco,,4422,4342,,,837
created_cliente,4335,,,,,838
created_empresa_cliente,,,4343,,,838
inserted_endereco,,4423,4343,,,838
created_cliente,4336,,,,,839
created_empresa_cliente,,,4344,,,839
inserted_endereco,,4424,4344,,,839
created_cliente,4337,,,,,840
created_empresa_cliente,,,4345,,,840
inserted_endereco,,4425,4345,,,840
created_cliente,4338,,,,,841
created_empresa_cliente,,,4346,,,841
inserted_endereco,,4426,4346,,,841
created_cliente,4339,,,,,842
created_empresa_cliente,,,4347,,,842
inserted_endereco,,4427,4347,,,842
inserted_endereco,,4428,4347,,,843
created_cliente,4340,,,,,844
created_empresa_cliente,,,4348,,,844
inserted_endereco,,4429,4348,,,844
created_cliente,4341,,,,,845
created_empresa_cliente,,,4349,,,845
inserted_endereco,,4430,4349,,,845
created_cliente,4342,,,,,846
created_empresa_cliente,,,4350,,,846
inserted_endereco,,4431,4350,,,846
inserted_endereco,,4432,4350,,,847
created_cliente,4343,,,,,848
created_empresa_cliente,,,4351,,,848
inserted_endereco,,4433,4351,,,848
created_cliente,4344,,,,,849
created_empresa_cliente,,,4352,,,849
inserted_endereco,,4434,4352,,,849
created_cliente,4345,,,,,850
created_empresa_cliente,,,4353,,,850
inserted_endereco,,4435,4353,,,850
created_cliente,4346,,,,,851
created_empresa_cliente,,,4354,,,851
inserted_endereco,,4436,4354,,,851
created_cliente,4347,,,,,852
created_empresa_cliente,,,4355,,,852
inserted_endereco,,4437,4355,,,852
created_cliente,4348,,,,,853
created_empresa_cliente,,,4356,,,853
inserted_endereco,,4438,4356,,,853
created_cliente,4349,,,,,854
created_empresa_cliente,,,4357,,,854
inserted_endereco,,4439,4357,,,854
created_cliente,4350,,,,,855
created_empresa_cliente,,,4358,,,855
inserted_endereco,,4440,4358,,,855
created_cliente,4351,,,,,856
created_empresa_cliente,,,4359,,,856
inserted_endereco,,4441,4359,,,856
created_cliente,4352,,,,,857
created_empresa_cliente,,,4360,,,857
inserted_endereco,,4442,4360,,,857
created_cliente,4353,,,,,858
created_empresa_cliente,,,4361,,,858
inserted_endereco,,4443,4361,,,858
created_cliente,4354,,,,,859
created_empresa_cliente,,,4362,,,859
inserted_endereco,,4444,4362,,,859
created_cliente,4355,,,,,860
created_empresa_cliente,,,4363,,,860
inserted_endereco,,4445,4363,,,860
created_cliente,4356,,,,,861
created_empresa_cliente,,,4364,,,861
inserted_endereco,,4446,4364,,,861
created_cliente,4357,,,,,862
created_empresa_cliente,,,4365,,,862
inserted_endereco,,4447,4365,,,862
created_cliente,4358,,,,,863
created_empresa_cliente,,,4366,,,863
inserted_endereco,,4448,4366,,,863
created_cliente,4359,,,,,864
created_empresa_cliente,,,4367,,,864
inserted_endereco,,4449,4367,,,864
created_cliente,4360,,,,,865
created_empresa_cliente,,,4368,,,865
inserted_endereco,,4450,4368,,,865
created_cliente,4361,,,,,866
created_empresa_cliente,,,4369,,,866
inserted_endereco,,4451,4369,,,866
created_cliente,4362,,,,,867
created_empresa_cliente,,,4370,,,867
inserted_endereco,,4452,4370,,,867
created_cliente,4363,,,,,868
created_empresa_cliente,,,4371,,,868
inserted_endereco,,4453,4371,,,868
created_cliente,4364,,,,,869
created_empresa_cliente,,,4372,,,869
inserted_endereco,,4454,4372,,,869
created_cliente,4365,,,,,870
created_empresa_cliente,,,4373,,,870
inserted_endereco,,4455,4373,,,870
created_cliente,4366,,,,,871
created_empresa_cliente,,,4374,,,871
inserted_endereco,,4456,4374,,,871
created_cliente,4367,,,,,872
created_empresa_cliente,,,4375,,,872
inserted_endereco,,4457,4375,,,872
created_cliente,4368,,,,,873
created_empresa_cliente,,,4376,,,873
inserted_endereco,,4458,4376,,,873
created_cliente,4369,,,,,874
created_empresa_cliente,,,4377,,,874
inserted_endereco,,4459,4377,,,874
inserted_endereco,,4460,4377,,,875
created_cliente,4370,,,,,876
created_empresa_cliente,,,4378,,,876
inserted_endereco,,4461,4378,,,876
inserted_endereco,,4462,4378,,,877
created_cliente,4371,,,,,878
created_empresa_cliente,,,4379,,,878
inserted_endereco,,4463,4379,,,878
inserted_endereco,,4464,4379,,,879
created_cliente,4372,,,,,880
created_empresa_cliente,,,4380,,,880
inserted_endereco,,4465,4380,,,880
created_cliente,4373,,,,,881
created_empresa_cliente,,,4381,,,881
inserted_endereco,,4466,4381,,,881
created_cliente,4374,,,,,882
created_empresa_cliente,,,4382,,,882
inserted_endereco,,4467,4382,,,882
created_cliente,4375,,,,,883
created_empresa_cliente,,,4383,,,883
inserted_endereco,,4468,4383,,,883
created_cliente,4376,,,,,884
created_empresa_cliente,,,4384,,,884
inserted_endereco,,4469,4384,,,884
created_cliente,4377,,,,,885
created_empresa_cliente,,,4385,,,885
inserted_endereco,,4470,4385,,,885
created_cliente,4378,,,,,886
created_empresa_cliente,,,4386,,,886
inserted_endereco,,4471,4386,,,886
inserted_endereco,,4472,4386,,,887
created_cliente,4379,,,,,888
created_empresa_cliente,,,4387,,,888
inserted_endereco,,4473,4387,,,888
created_cliente,4380,,,,,889
created_empresa_cliente,,,4388,,,889
inserted_endereco,,4474,4388,,,889
created_cliente,4381,,,,,890
created_empresa_cliente,,,4389,,,890
inserted_endereco,,4475,4389,,,890
created_cliente,4382,,,,,891
created_empresa_cliente,,,4390,,,891
inserted_endereco,,4476,4390,,,891
created_cliente,4383,,,,,892
created_empresa_cliente,,,4391,,,892
inserted_endereco,,4477,4391,,,892
created_cliente,4384,,,,,893
created_empresa_cliente,,,4392,,,893
inserted_endereco,,4478,4392,,,893
created_cliente,4385,,,,,894
created_empresa_cliente,,,4393,,,894
inserted_endereco,,4479,4393,,,894
created_cliente,4386,,,,,895
created_empresa_cliente,,,4394,,,895
inserted_endereco,,4480,4394,,,895
created_cliente,4387,,,,,896
created_empresa_cliente,,,4395,,,896
inserted_endereco,,4481,4395,,,896
created_cliente,4388,,,,,897
created_empresa_cliente,,,4396,,,897
inserted_endereco,,4482,4396,,,897
created_cliente,4389,,,,,898
created_empresa_cliente,,,4397,,,898
inserted_endereco,,4483,4397,,,898
created_cliente,4390,,,,,899
created_empresa_cliente,,,4398,,,899
inserted_endereco,,4484,4398,,,899
created_cliente,4391,,,,,900
created_empresa_cliente,,,4399,,,900
inserted_endereco,,4485,4399,,,900
created_cliente,4392,,,,,901
created_empresa_cliente,,,4400,,,901
inserted_endereco,,4486,4400,,,901
created_cliente,4393,,,,,902
created_empresa_cliente,,,4401,,,902
inserted_endereco,,4487,4401,,,902
created_cliente,4394,,,,,903
created_empresa_cliente,,,4402,,,903
inserted_endereco,,4488,4402,,,903
created_cliente,4395,,,,,904
created_empresa_cliente,,,4403,,,904
inserted_endereco,,4489,4403,,,904
created_cliente,4396,,,,,905
created_empresa_cliente,,,4404,,,905
inserted_endereco,,4490,4404,,,905
created_cliente,4397,,,,,906
created_empresa_cliente,,,4405,,,906
inserted_endereco,,4491,4405,,,906
created_cliente,4398,,,,,907
created_empresa_cliente,,,4406,,,907
inserted_endereco,,4492,4406,,,907
created_cliente,4399,,,,,908
created_empresa_cliente,,,4407,,,908
inserted_endereco,,4493,4407,,,908
created_cliente,4400,,,,,909
created_empresa_cliente,,,4408,,,909
inserted_endereco,,4494,4408,,,909
created_cliente,4401,,,,,910
created_empresa_cliente,,,4409,,,910
inserted_endereco,,4495,4409,,,910
created_cliente,4402,,,,,911
created_empresa_cliente,,,4410,,,911
inserted_endereco,,4496,4410,,,911
inserted_endereco,,4497,4410,,,912
created_cliente,4403,,,,,913
created_empresa_cliente,,,4411,,,913
inserted_endereco,,4498,4411,,,913
inserted_endereco,,4499,4411,,,914
created_cliente,4404,,,,,915
created_empresa_cliente,,,4412,,,915
inserted_endereco,,4500,4412,,,915
inserted_endereco,,4501,4412,,,916
created_cliente,4405,,,,,917
created_empresa_cliente,,,4413,,,917
inserted_endereco,,4502,4413,,,917
created_cliente,4406,,,,,918
created_empresa_cliente,,,4414,,,918
inserted_endereco,,4503,4414,,,918
created_cliente,4407,,,,,919
created_empresa_cliente,,,4415,,,919
inserted_endereco,,4504,4415,,,919
created_cliente,4408,,,,,920
created_empresa_cliente,,,4416,,,920
inserted_endereco,,4505,4416,,,920
created_cliente,4409,,,,,921
created_empresa_cliente,,,4417,,,921
inserted_endereco,,4506,4417,,,921
created_cliente,4410,,,,,922
created_empresa_cliente,,,4418,,,922
inserted_endereco,,4507,4418,,,922
created_cliente,4411,,,,,923
created_empresa_cliente,,,4419,,,923
inserted_endereco,,4508,4419,,,923
created_cliente,4412,,,,,924
created_empresa_cliente,,,4420,,,924
inserted_endereco,,4509,4420,,,924
inserted_endereco,,4510,4420,,,925
created_cliente,4413,,,,,926
created_empresa_cliente,,,4421,,,926
inserted_endereco,,4511,4421,,,926
created_cliente,4414,,,,,927
created_empresa_cliente,,,4422,,,927
inserted_endereco,,4512,4422,,,927
created_cliente,4415,,,,,928
created_empresa_cliente,,,4423,,,928
inserted_endereco,,4513,4423,,,928
created_cliente,4416,,,,,929
created_empresa_cliente,,,4424,,,929
inserted_endereco,,4514,4424,,,929
inserted_endereco,,4515,4424,,,930
created_cliente,4417,,,,,931
created_empresa_cliente,,,4425,,,931
inserted_endereco,,4516,4425,,,931
created_cliente,4418,,,,,932
created_empresa_cliente,,,4426,,,932
inserted_endereco,,4517,4426,,,932
created_cliente,4419,,,,,933
created_empresa_cliente,,,4427,,,933
inserted_endereco,,4518,4427,,,933
created_cliente,4420,,,,,934
created_empresa_cliente,,,4428,,,934
inserted_endereco,,4519,4428,,,934
created_cliente,4421,,,,,935
created_empresa_cliente,,,4429,,,935
inserted_endereco,,4520,4429,,,935
created_cliente,4422,,,,,936
created_empresa_cliente,,,4430,,,936
inserted_endereco,,4521,4430,,,936
created_cliente,4423,,,,,937
created_empresa_cliente,,,4431,,,937
inserted_endereco,,4522,4431,,,937
inserted_endereco,,4523,4431,,,938
created_cliente,4424,,,,,939
created_empresa_cliente,,,4432,,,939
inserted_endereco,,4524,4432,,,939
created_cliente,4425,,,,,940
created_empresa_cliente,,,4433,,,940
inserted_endereco,,4525,4433,,,940
created_cliente,4426,,,,,941
created_empresa_cliente,,,4434,,,941
inserted_endereco,,4526,4434,,,941
inserted_endereco,,4527,4434,,,942
created_cliente,4427,,,,,943
created_empresa_cliente,,,4435,,,943
inserted_endereco,,4528,4435,,,943
created_cliente,4428,,,,,944
created_empresa_cliente,,,4436,,,944
inserted_endereco,,4529,4436,,,944
created_cliente,4429,,,,,945
created_empresa_cliente,,,4437,,,945
inserted_endereco,,4530,4437,,,945
created_cliente,4430,,,,,946
created_empresa_cliente,,,4438,,,946
inserted_endereco,,4531,4438,,,946
created_cliente,4431,,,,,947
created_empresa_cliente,,,4439,,,947
inserted_endereco,,4532,4439,,,947
created_cliente,4432,,,,,948
created_empresa_cliente,,,4440,,,948
inserted_endereco,,4533,4440,,,948
created_cliente,4433,,,,,949
created_empresa_cliente,,,4441,,,949
inserted_endereco,,4534,4441,,,949
created_cliente,4434,,,,,950
created_empresa_cliente,,,4442,,,950
inserted_endereco,,4535,4442,,,950
created_cliente,4435,,,,,951
created_empresa_cliente,,,4443,,,951
inserted_endereco,,4536,4443,,,951
inserted_endereco,,4537,4443,,,952
inserted_endereco,,4538,4443,,,953
created_cliente,4436,,,,,954
created_empresa_cliente,,,4444,,,954
inserted_endereco,,4539,4444,,,954
created_cliente,4437,,,,,955
created_empresa_cliente,,,4445,,,955
inserted_endereco,,4540,4445,,,955
created_cliente,4438,,,,,956
created_empresa_cliente,,,4446,,,956
inserted_endereco,,4541,4446,,,956
created_cliente,4439,,,,,957
created_empresa_cliente,,,4447,,,957
inserted_endereco,,4542,4447,,,957
created_cliente,4440,,,,,958
created_empresa_cliente,,,4448,,,958
inserted_endereco,,4543,4448,,,958
created_cliente,4441,,,,,959
created_empresa_cliente,,,4449,,,959
inserted_endereco,,4544,4449,,,959
created_cliente,4442,,,,,960
created_empresa_cliente,,,4450,,,960
inserted_endereco,,4545,4450,,,960
created_cliente,4443,,,,,961
created_empresa_cliente,,,4451,,,961
inserted_endereco,,4546,4451,,,961
created_cliente,4444,,,,,962
created_empresa_cliente,,,4452,,,962
inserted_endereco,,4547,4452,,,962
created_cliente,4445,,,,,963
created_empresa_cliente,,,4453,,,963
inserted_endereco,,4548,4453,,,963
created_cliente,4446,,,,,964
created_empresa_cliente,,,4454,,,964
inserted_endereco,,4549,4454,,,964
created_cliente,4447,,,,,965
created_empresa_cliente,,,4455,,,965
inserted_endereco,,4550,4455,,,965
created_cliente,4448,,,,,966
created_empresa_cliente,,,4456,,,966
inserted_endereco,,4551,4456,,,966
created_cliente,4449,,,,,967
created_empresa_cliente,,,4457,,,967
inserted_endereco,,4552,4457,,,967
created_cliente,4450,,,,,968
created_empresa_cliente,,,4458,,,968
inserted_endereco,,4553,4458,,,968
created_cliente,4451,,,,,969
created_empresa_cliente,,,4459,,,969
inserted_endereco,,4554,4459,,,969
created_cliente,4452,,,,,970
created_empresa_cliente,,,4460,,,970
inserted_endereco,,4555,4460,,,970
created_cliente,4453,,,,,971
created_empresa_cliente,,,4461,,,971
inserted_endereco,,4556,4461,,,971
created_cliente,4454,,,,,972
created_empresa_cliente,,,4462,,,972
inserted_endereco,,4557,4462,,,972
created_cliente,4455,,,,,973
created_empresa_cliente,,,4463,,,973
inserted_endereco,,4558,4463,,,973
created_cliente,4456,,,,,974
created_empresa_cliente,,,4464,,,974
inserted_endereco,,4559,4464,,,974
created_cliente,4457,,,,,975
created_empresa_cliente,,,4465,,,975
inserted_endereco,,4560,4465,,,975
created_cliente,4458,,,,,976
created_empresa_cliente,,,4466,,,976
inserted_endereco,,4561,4466,,,976
inserted_endereco,,4562,3585,,,977
created_cliente,4459,,,,,978
created_empresa_cliente,,,4467,,,978
inserted_endereco,,4563,4467,,,978
created_cliente,4460,,,,,979
created_empresa_cliente,,,4468,,,979
inserted_endereco,,4564,4468,,,979
created_cliente,4461,,,,,980
created_empresa_cliente,,,4469,,,980
inserted_endereco,,4565,4469,,,980
created_cliente,4462,,,,,981
created_empresa_cliente,,,4470,,,981
inserted_endereco,,4566,4470,,,981
created_cliente,4463,,,,,982
created_empresa_cliente,,,4471,,,982
inserted_endereco,,4567,4471,,,982
created_cliente,4464,,,,,983
created_empresa_cliente,,,4472,,,983
inserted_endereco,,4568,4472,,,983
created_cliente,4465,,,,,984
created_empresa_cliente,,,4473,,,984
inserted_endereco,,4569,4473,,,984
created_cliente,4466,,,,,985
created_empresa_cliente,,,4474,,,985
inserted_endereco,,4570,4474,,,985
created_cliente,4467,,,,,986
created_empresa_cliente,,,4475,,,986
inserted_endereco,,4571,4475,,,986
created_cliente,4468,,,,,987
created_empresa_cliente,,,4476,,,987
inserted_endereco,,4572,4476,,,987
created_cliente,4469,,,,,988
created_empresa_cliente,,,4477,,,988
inserted_endereco,,4573,4477,,,988
created_cliente,4470,,,,,989
created_empresa_cliente,,,4478,,,989
inserted_endereco,,4574,4478,,,989
created_cliente,4471,,,,,990
created_empresa_cliente,,,4479,,,990
inserted_endereco,,4575,4479,,,990
created_cliente,4472,,,,,991
created_empresa_cliente,,,4480,,,991
inserted_endereco,,4576,4480,,,991
created_cliente,4473,,,,,992
created_empresa_cliente,,,4481,,,992
inserted_endereco,,4577,4481,,,992
created_cliente,4474,,,,,993
created_empresa_cliente,,,4482,,,993
inserted_endereco,,4578,4482,,,993
created_cliente,4475,,,,,994
created_empresa_cliente,,,4483,,,994
inserted_endereco,,4579,4483,,,994
created_cliente,4476,,,,,995
created_empresa_cliente,,,4484,,,995
inserted_endereco,,4580,4484,,,995
created_cliente,4477,,,,,996
created_empresa_cliente,,,4485,,,996
inserted_endereco,,4581,4485,,,996
created_cliente,4478,,,,,997
created_empresa_cliente,,,4486,,,997
inserted_endereco,,4582,4486,,,997
created_cliente,4479,,,,,998
created_empresa_cliente,,,4487,,,998
inserted_endereco,,4583,4487,,,998
created_cliente,4480,,,,,999
created_empresa_cliente,,,4488,,,999
inserted_endereco,,4584,4488,,,999
created_cliente,4481,,,,,1000
created_empresa_cliente,,,4489,,,1000
inserted_endereco,,4585,4489,,,1000
created_cliente,4482,,,,,1001
created_empresa_cliente,,,4490,,,1001
inserted_endereco,,4586,4490,,,1001
inserted_endereco,,4587,4490,,,1002
created_cliente,4483,,,,,1003
created_empresa_cliente,,,4491,,,1003
inserted_endereco,,4588,4491,,,1003
created_cliente,4484,,,,,1004
created_empresa_cliente,,,4492,,,1004
inserted_endereco,,4589,4492,,,1004
created_cliente,4485,,,,,1005
created_empresa_cliente,,,4493,,,1005
inserted_endereco,,4590,4493,,,1005
created_cliente,4486,,,,,1006
created_empresa_cliente,,,4494,,,1006
inserted_endereco,,4591,4494,,,1006
created_cliente,4487,,,,,1007
created_empresa_cliente,,,4495,,,1007
inserted_endereco,,4592,4495,,,1007
created_cliente,4488,,,,,1008
created_empresa_cliente,,,4496,,,1008
inserted_endereco,,4593,4496,,,1008
created_cliente,4489,,,,,1009
created_empresa_cliente,,,4497,,,1009
inserted_endereco,,4594,4497,,,1009
created_cliente,4490,,,,,1010
created_empresa_cliente,,,4498,,,1010
inserted_endereco,,4595,4498,,,1010
created_cliente,4491,,,,,1011
created_empresa_cliente,,,4499,,,1011
inserted_endereco,,4596,4499,,,1011
created_cliente,4492,,,,,1012
created_empresa_cliente,,,4500,,,1012
inserted_endereco,,4597,4500,,,1012
created_cliente,4493,,,,,1013
created_empresa_cliente,,,4501,,,1013
inserted_endereco,,4598,4501,,,1013
created_cliente,4494,,,,,1014
created_empresa_cliente,,,4502,,,1014
inserted_endereco,,4599,4502,,,1014
created_cliente,4495,,,,,1015
created_empresa_cliente,,,4503,,,1015
inserted_endereco,,4600,4503,,,1015
created_cliente,4496,,,,,1016
created_empresa_cliente,,,4504,,,1016
inserted_endereco,,4601,4504,,,1016
created_cliente,4497,,,,,1017
created_empresa_cliente,,,4505,,,1017
inserted_endereco,,4602,4505,,,1017
created_cliente,4498,,,,,1018
created_empresa_cliente,,,4506,,,1018
inserted_endereco,,4603,4506,,,1018
created_cliente,4499,,,,,1019
created_empresa_cliente,,,4507,,,1019
inserted_endereco,,4604,4507,,,1019
inserted_endereco,,4605,4507,,,1020
created_cliente,4500,,,,,1021
created_empresa_cliente,,,4508,,,1021
inserted_endereco,,4606,4508,,,1021
created_cliente,4501,,,,,1022
created_empresa_cliente,,,4509,,,1022
inserted_endereco,,4607,4509,,,1022
created_cliente,4502,,,,,1023
created_empresa_cliente,,,4510,,,1023
inserted_endereco,,4608,4510,,,1023
created_cliente,4503,,,,,1024
created_empresa_cliente,,,4511,,,1024
inserted_endereco,,4609,4511,,,1024
created_cliente,4504,,,,,1025
created_empresa_cliente,,,4512,,,1025
inserted_endereco,,4610,4512,,,1025
created_cliente,4505,,,,,1026
created_empresa_cliente,,,4513,,,1026
inserted_endereco,,4611,4513,,,1026
created_cliente,4506,,,,,1027
created_empresa_cliente,,,4514,,,1027
inserted_endereco,,4612,4514,,,1027
created_cliente,4507,,,,,1028
created_empresa_cliente,,,4515,,,1028
inserted_endereco,,4613,4515,,,1028
inserted_endereco,,4614,4515,,,1029
created_cliente,4508,,,,,1030
created_empresa_cliente,,,4516,,,1030
inserted_endereco,,4615,4516,,,1030
inserted_endereco,,4616,4516,,,1031
inserted_endereco,,4617,4516,,,1032
created_cliente,4509,,,,,1033
created_empresa_cliente,,,4517,,,1033
inserted_endereco,,4618,4517,,,1033
created_cliente,4510,,,,,1034
created_empresa_cliente,,,4518,,,1034
inserted_endereco,,4619,4518,,,1034
created_cliente,4511,,,,,1035
created_empresa_cliente,,,4519,,,1035
inserted_endereco,,4620,4519,,,1035
created_cliente,4512,,,,,1036
created_empresa_cliente,,,4520,,,1036
inserted_endereco,,4621,4520,,,1036
created_cliente,4513,,,,,1037
created_empresa_cliente,,,4521,,,1037
inserted_endereco,,4622,4521,,,1037
created_cliente,4514,,,,,1038
created_empresa_cliente,,,4522,,,1038
inserted_endereco,,4623,4522,,,1038
created_cliente,4515,,,,,1039
created_empresa_cliente,,,4523,,,1039
inserted_endereco,,4624,4523,,,1039
created_cliente,4516,,,,,1040
created_empresa_cliente,,,4524,,,1040
inserted_endereco,,4625,4524,,,1040
inserted_endereco,,4626,4524,,,1041
created_cliente,4517,,,,,1042
created_empresa_cliente,,,4525,,,1042
inserted_endereco,,4627,4525,,,1042
inserted_endereco,,4628,4525,,,1043
created_cliente,4518,,,,,1044
created_empresa_cliente,,,4526,,,1044
inserted_endereco,,4629,4526,,,1044
created_cliente,4519,,,,,1045
created_empresa_cliente,,,4527,,,1045
inserted_endereco,,4630,4527,,,1045
created_cliente,4520,,,,,1046
created_empresa_cliente,,,4528,,,1046
inserted_endereco,,4631,4528,,,1046
created_cliente,4521,,,,,1047
created_empresa_cliente,,,4529,,,1047
inserted_endereco,,4632,4529,,,1047
created_cliente,4522,,,,,1048
created_empresa_cliente,,,4530,,,1048
inserted_endereco,,4633,4530,,,1048
created_cliente,4523,,,,,1049
created_empresa_cliente,,,4531,,,1049
inserted_endereco,,4634,4531,,,1049
created_cliente,4524,,,,,1050
created_empresa_cliente,,,4532,,,1050
inserted_endereco,,4635,4532,,,1050
inserted_endereco,,4636,4532,,,1051
created_cliente,4525,,,,,1052
created_empresa_cliente,,,4533,,,1052
inserted_endereco,,4637,4533,,,1052
created_cliente,4526,,,,,1053
created_empresa_cliente,,,4534,,,1053
inserted_endereco,,4638,4534,,,1053
inserted_endereco,,4639,4534,,,1054
created_cliente,4527,,,,,1055
created_empresa_cliente,,,4535,,,1055
inserted_endereco,,4640,4535,,,1055
created_cliente,4528,,,,,1056
created_empresa_cliente,,,4536,,,1056
inserted_endereco,,4641,4536,,,1056
created_empresa_cliente,,,4537,,,1057
inserted_endereco,,4642,4537,,,1057
created_cliente,4529,,,,,1058
created_empresa_cliente,,,4538,,,1058
inserted_endereco,,4643,4538,,,1058
created_cliente,4530,,,,,1059
created_empresa_cliente,,,4539,,,1059
inserted_endereco,,4644,4539,,,1059
